t-SNE1,t-SNE2,Image,ecco_id,estc_id,total_price
1.4176718,-0.57061505,036220180000350,362201800,T133351,18.0
0.72701514,0.08438057,085750090003020,857500900,T210906,30.0
-1.2021133,-0.3887648,171230130101070,1712301301,T77908,90.0
-1.2021133,-0.3887648,171230130101070,1712301301,T77908,90.0
-0.07967055,0.9505195,133230130002160,1332301300,N36448,36.0
-0.12722908,1.5606598,157060010202850,1570600102,T59882,600.0
-1.1056275,-0.66624016,171230130101090,1712301301,T77908,90.0
-1.1056275,-0.66624016,171230130101090,1712301301,T77908,90.0
-0.23722336,1.63801,157060010204160,1570600102,T59882,600.0
-0.005062428,-0.7586893,126280120000230,1262801200,N3839,60.0
-0.005062428,-0.7586893,126280120000230,1262801200,N3839,60.0
-1.0257729,-0.7486213,171230130101130,1712301301,T77908,90.0
-1.0257729,-0.7486213,171230130101130,1712301301,T77908,90.0
0.8122347,-1.483814,123130120000370,1231301200,N9842,12.0
0.8122347,-1.483814,123130120000370,1231301200,N9842,12.0
0.8122347,-1.483814,123130120000370,1231301200,N9842,12.0
0.8122347,-1.483814,123130120000370,1231301200,N9842,12.0
-1.131157,-1.0000784,171230130100390,1712301301,T77908,90.0
-1.131157,-1.0000784,171230130100390,1712301301,T77908,90.0
0.8984604,-1.5681226,009960420000110,99604200,N3021,12.0
1.7457309,-0.8719552,036220180002290,362201800,T133351,18.0
-0.3379647,1.0866909,133230130001970,1332301300,N36448,36.0
-0.5953864,0.9060894,133230130002140,1332301300,N36448,36.0
0.051075954,-0.37594217,126280120000690,1262801200,N3839,60.0
0.051075954,-0.37594217,126280120000690,1262801200,N3839,60.0
0.25559118,1.9653015,155720010401460,1557200104,T192639,756.0
-0.48245543,-0.90134305,126280120000150,1262801200,N3839,60.0
0.84646326,0.1620206,085750090002880,857500900,T210906,30.0
1.6896751,-0.6392751,036220180001750,362201800,T133351,18.0
-0.56848395,-0.47197145,126280120000680,1262801200,N3839,60.0
-0.56848395,-0.47197145,126280120000680,1262801200,N3839,60.0
-0.29237202,1.7480686,155720010100530,1557200101,T192639,756.0
-0.97834015,-0.63287455,171230130100550,1712301301,T77908,90.0
-0.97834015,-0.63287455,171230130100550,1712301301,T77908,90.0
-0.82587326,-1.0456742,171230130101200,1712301301,T77908,90.0
-0.82587326,-1.0456742,171230130101200,1712301301,T77908,90.0
0.23832156,0.10711929,086730020000780,867300200,T66029,54.0
-0.9305549,-0.9875999,171230130100750,1712301301,T77908,90.0
-0.9305549,-0.9875999,171230130100750,1712301301,T77908,90.0
-1.1477817,-1.083015,171230130100290,1712301301,T77908,90.0
-1.4964199,-0.92965084,171230130100210,1712301301,T77908,90.0
-1.4964199,-0.92965084,171230130100210,1712301301,T77908,90.0
0.32003924,1.8911953,059560030000010,595600300,T85761,48.0
1.336787,-0.57974,036220180002060,362201800,T133351,18.0
-0.06043961,-0.5191003,126280120000140,1262801200,N3839,60.0
0.35000825,0.20555401,086730020001030,867300200,T66029,54.0
-0.51832366,0.6394242,133230130001870,1332301300,N36448,36.0
-0.9877157,-0.40570432,171230130100480,1712301301,T77908,90.0
-0.9877157,-0.40570432,171230130100480,1712301301,T77908,90.0
-1.1230928,-0.8013585,171230130100690,1712301301,T77908,90.0
-1.1230928,-0.8013585,171230130100690,1712301301,T77908,90.0
-1.1230928,-0.8013585,171230130100690,1712301301,T77908,90.0
0.7055795,0.18208596,013910020002310,139100200,T18586,180.0
1.6119434,-0.40708473,036220180000610,362201800,T133351,18.0
-0.14332996,-0.2662255,126280120000620,1262801200,N3839,60.0
0.11523611,1.8140917,094090030100030,940900301,T67135,276.0
1.3875043,-0.67233473,036220180000190,362201800,T133351,18.0
1.7378937,-0.6392524,036220180000820,362201800,T133351,18.0
0.97420007,-1.4829882,123130120000380,1231301200,N9842,12.0
0.97420007,-1.4829882,123130120000380,1231301200,N9842,12.0
-0.18465425,1.6554785,157060010202010,1570600102,T59882,600.0
-1.0517814,-0.5940375,171230130100620,1712301301,T77908,90.0
-1.0517814,-0.5940375,171230130100620,1712301301,T77908,90.0
1.3787146,-0.6103039,036220180000370,362201800,T133351,18.0
1.5972483,-0.7277511,036220180001110,362201800,T133351,18.0
0.78743875,-1.4767361,123130120000350,1231301200,N9842,12.0
0.78743875,-1.4767361,123130120000350,1231301200,N9842,12.0
0.78743875,-1.4767361,123130120000350,1231301200,N9842,12.0
0.29613286,1.802861,155720010102940,1557200101,T192639,756.0
-0.83924,-0.32194477,171230130100910,1712301301,T77908,90.0
-0.83924,-0.32194477,171230130100910,1712301301,T77908,90.0
-1.0243281,-0.5676955,171230130101020,1712301301,T77908,90.0
-1.0243281,-0.5676955,171230130101020,1712301301,T77908,90.0
1.422436,-0.905556,036220180000870,362201800,T133351,18.0
-0.35530514,0.7611646,133230130002090,1332301300,N36448,36.0
-0.1500592,-0.7167932,126280120000270,1262801200,N3839,60.0
1.6377769,-0.87347853,036220180000890,362201800,T133351,18.0
0.75815487,0.049971897,060840060003280,608400600,T95727,30.0
-0.28202727,1.839621,086980060001190,869800600,T63212,324.0
1.3987335,-1.1910148,168150010000220,1681500100,T167430,48.0
1.3987335,-1.1910148,168150010000220,1681500100,T167430,48.0
-0.3443211,0.76867706,133230130002480,1332301300,N36448,36.0
-0.6330729,-0.05568771,029280060007570,292800600,T106326,72.0
1.8818834,-0.6606768,036220180002400,362201800,T133351,18.0
1.6920358,-0.8350252,036220180002550,362201800,T133351,18.0
1.7572002,-0.7243907,036220180002670,362201800,T133351,18.0
-0.65843105,1.0200536,133230130000780,1332301300,N36448,36.0
-0.05124672,0.88506573,133230130002340,1332301300,N36448,36.0
-0.24604821,-0.5532922,126280120000230,1262801200,N3839,60.0
-0.24604821,-0.5532922,126280120000230,1262801200,N3839,60.0
-0.13104576,0.834765,133230130002520,1332301300,N36448,36.0
0.48844108,-0.14223087,052140010003740,521400100,T139023,60.0
0.48844108,-0.14223087,052140010003740,521400100,T139023,60.0
1.3999921,-0.80695766,036220180000260,362201800,T133351,18.0
0.972796,-1.5244777,123130120000380,1231301200,N9842,12.0
0.972796,-1.5244777,123130120000380,1231301200,N9842,12.0
-0.29301554,1.5411154,157060010103430,1570600101,T59882,600.0
-0.63408417,-0.057090808,171230130104910,1712301301,T77908,90.0
1.8731496,-0.7728465,036220180001800,362201800,T133351,18.0
-0.17615935,-0.6463644,126280120000160,1262801200,N3839,60.0
-0.17615935,-0.6463644,126280120000160,1262801200,N3839,60.0
0.07829278,1.9209126,155720010201650,1557200102,T192639,756.0
-0.85480416,-0.6042276,171230130100650,1712301301,T77908,90.0
-0.85480416,-0.6042276,171230130100650,1712301301,T77908,90.0
-1.3083825,-0.8485459,171230130101100,1712301301,T77908,90.0
-1.3083825,-0.8485459,171230130101100,1712301301,T77908,90.0
-0.55352545,1.7554766,055030030000740,550300300,T81955,42.0
1.9150999,-0.31475013,013910020001330,139100200,T18586,180.0
-0.9745446,-0.13244349,171230130101240,1712301301,T77908,90.0
-0.9745446,-0.13244349,171230130101240,1712301301,T77908,90.0
1.4555981,-1.2731241,168150010000320,1681500100,T167430,48.0
-0.3009249,0.80537724,133230130001840,1332301300,N36448,36.0
-0.029181529,-0.5216745,126280120000280,1262801200,N3839,60.0
-0.27197555,-0.3817575,126280120000360,1262801200,N3839,60.0
-0.27197555,-0.3817575,126280120000360,1262801200,N3839,60.0
-0.27197555,-0.3817575,126280120000360,1262801200,N3839,60.0
1.7754467,-0.65635943,036220180001720,362201800,T133351,18.0
-1.1966696,-0.31566733,171230130101040,1712301301,T77908,90.0
-1.1966696,-0.31566733,171230130101040,1712301301,T77908,90.0
1.4300768,-1.2663713,168150010000290,1681500100,T167430,48.0
0.19861734,0.28405935,086730020000270,867300200,T66029,54.0
-1.3818378,-0.8831674,171230130100710,1712301301,T77908,90.0
-1.3818378,-0.8831674,171230130100710,1712301301,T77908,90.0
-0.98775876,-0.9243998,171230130101260,1712301301,T77908,90.0
-0.98775876,-0.9243998,171230130101260,1712301301,T77908,90.0
1.7508448,-0.196826,018010030004330,180100300,T87972,72.0
1.8763825,-0.80816144,036220180001470,362201800,T133351,18.0
-0.6976266,0.53242964,151170310100010,1511703101,N31771,8.0
-0.04893578,1.6920642,157060010101420,1570600101,T59882,600.0
-0.24658228,0.8528465,031800060000010,318000600,T62240,60.0
0.15192822,0.039785903,086730020001050,867300200,T66029,54.0
0.15192822,0.039785903,086730020001050,867300200,T66029,54.0
0.15192822,0.039785903,086730020001050,867300200,T66029,54.0
-0.03096727,0.85524076,133230130001470,1332301300,N36448,36.0
-0.27273595,-0.38190114,126280120000380,1262801200,N3839,60.0
-0.27273595,-0.38190114,126280120000380,1262801200,N3839,60.0
-0.27273595,-0.38190114,126280120000380,1262801200,N3839,60.0
0.75856584,0.24514142,013910020000140,139100200,T18586,180.0
-1.3944025,-0.5440197,171230130101110,1712301301,T77908,90.0
-1.3944025,-0.5440197,171230130101110,1712301301,T77908,90.0
-1.2910036,-1.085169,171230130100860,1712301301,T77908,90.0
-1.2910036,-1.085169,171230130100860,1712301301,T77908,90.0
0.13409156,0.12487939,086730020001060,867300200,T66029,54.0
0.13409156,0.12487939,086730020001060,867300200,T66029,54.0
-0.20117208,1.6312916,157060010202680,1570600102,T59882,600.0
-0.10215215,1.147551,018010030006020,180100300,T87972,72.0
1.4597925,-1.3025116,168150010000250,1681500100,T167430,48.0
-0.10395604,1.6480352,157060010203790,1570600102,T59882,600.0
-0.24065396,1.5850632,157060010201840,1570600102,T59882,600.0
-0.59458494,0.9748443,133230130000940,1332301300,N36448,36.0
-1.4042438,-1.0477853,171230130100520,1712301301,T77908,90.0
-1.4042438,-1.0477853,171230130100520,1712301301,T77908,90.0
1.7033031,-1.0099245,036220180002380,362201800,T133351,18.0
0.9305195,-1.4750277,123130120000370,1231301200,N9842,12.0
0.9305195,-1.4750277,123130120000370,1231301200,N9842,12.0
0.9305195,-1.4750277,123130120000370,1231301200,N9842,12.0
0.9305195,-1.4750277,123130120000370,1231301200,N9842,12.0
1.818003,-0.7739399,036220180001320,362201800,T133351,18.0
0.013082754,1.1529845,007920260003470,79202600,T121539,252.0
0.013082754,1.1529845,007920260003470,79202600,T121539,252.0
0.11767877,0.22780164,086730020000680,867300200,T66029,54.0
-1.1465183,-0.8157339,171230130100680,1712301301,T77908,90.0
-1.1465183,-0.8157339,171230130100680,1712301301,T77908,90.0
-0.51036125,1.5715486,157060010105130,1570600101,T59882,600.0
-0.23747413,1.3716902,081130040001380,811300400,T82160,252.0
1.592395,-0.81750566,036220180000790,362201800,T133351,18.0
-0.11163302,1.739671,157060010202780,1570600102,T59882,600.0
-0.22724111,1.4566263,157060010100010,1570600101,T59882,600.0
1.8843517,-0.8936391,036220180001570,362201800,T133351,18.0
0.28435877,2.1433113,155720010300340,1557200103,T192639,756.0
0.7272686,0.079986125,060840060003320,608400600,T95727,30.0
0.2785204,2.13539,155720010401670,1557200104,T192639,756.0
-0.3019883,0.9547573,133230130001350,1332301300,N36448,36.0
-0.32254416,-0.9848952,126280120000760,1262801200,N3839,60.0
-0.32254416,-0.9848952,126280120000760,1262801200,N3839,60.0
-0.3377614,1.440024,085590020103450,855900201,T160652,72.0
-0.279291,1.7022387,155720010100800,1557200101,T192639,756.0
1.9165103,-0.31520024,013910020001340,139100200,T18586,180.0
-0.52214426,1.6037934,157060010104620,1570600101,T59882,600.0
0.2999367,0.23639473,086730020000480,867300200,T66029,54.0
-0.5816579,-0.31560093,171230130100920,1712301301,T77908,90.0
-0.5816579,-0.31560093,171230130100920,1712301301,T77908,90.0
-1.2771791,-0.6409749,171230130100200,1712301301,T77908,90.0
-1.2771791,-0.6409749,171230130100200,1712301301,T77908,90.0
-1.0304583,-0.9674104,171230130100380,1712301301,T77908,90.0
-1.0304583,-0.9674104,171230130100380,1712301301,T77908,90.0
-1.0304583,-0.9674104,171230130100380,1712301301,T77908,90.0
0.13594891,2.067203,026100010100020,261000101,T71143,630.0
1.5332699,-0.6285377,036220180002560,362201800,T133351,18.0
-0.22323574,1.1414508,133230130001580,1332301300,N36448,36.0
1.9524038,-0.6673046,013910020002620,139100200,T18586,180.0
-0.11643426,0.8679824,133230130000970,1332301300,N36448,36.0
0.31606328,0.3377654,086730020000980,867300200,T66029,54.0
-0.36666638,1.2448924,171230130100020,1712301301,T77908,90.0
-0.36666638,1.2448924,171230130100020,1712301301,T77908,90.0
0.47541386,-0.10197123,052140010003720,521400100,T139023,60.0
-1.2797812,-0.4595236,171230130100500,1712301301,T77908,90.0
0.9655367,-1.4770772,123130120000340,1231301200,N9842,12.0
0.9655367,-1.4770772,123130120000340,1231301200,N9842,12.0
-0.5232514,1.5155919,157060010102860,1570600101,T59882,600.0
0.7900002,-1.4473658,123130120000330,1231301200,N9842,12.0
0.7900002,-1.4473658,123130120000330,1231301200,N9842,12.0
0.7900002,-1.4473658,123130120000330,1231301200,N9842,12.0
-0.35070774,-0.8147965,126280120000330,1262801200,N3839,60.0
-0.35070774,-0.8147965,126280120000330,1262801200,N3839,60.0
0.7794118,0.15433753,013910020000890,139100200,T18586,180.0
-0.93171644,-0.10734768,171230130100740,1712301301,T77908,90.0
0.09198537,0.19691694,086730020000700,867300200,T66029,54.0
0.5980698,0.16451101,085750090002190,857500900,T210906,30.0
-0.029280305,-0.3743519,126280120000160,1262801200,N3839,60.0
-0.029280305,-0.3743519,126280120000160,1262801200,N3839,60.0
-0.95956224,-0.06540332,171230130101230,1712301301,T77908,90.0
-0.95956224,-0.06540332,171230130101230,1712301301,T77908,90.0
0.11553825,1.726798,155720010300430,1557200103,T192639,756.0
-1.2665669,-1.1473986,171230130101010,1712301301,T77908,90.0
-1.2665669,-1.1473986,171230130101010,1712301301,T77908,90.0
-0.36015564,1.7471964,094850070000010,948500700,T2367,12.0
1.3096892,-0.5486787,036220180002300,362201800,T133351,18.0
-1.5269587,-0.7648194,171230130100420,1712301301,T77908,90.0
-1.5269587,-0.7648194,171230130100420,1712301301,T77908,90.0
1.5896169,-0.94612634,036220180001260,362201800,T133351,18.0
0.32268992,0.12022427,086730020000400,867300200,T66029,54.0
0.30306232,2.146179,155720010302120,1557200103,T192639,756.0
0.12145415,1.7522084,155720010101010,1557200101,T192639,756.0
-0.3565814,0.7426281,133230130002290,1332301300,N36448,36.0
-0.21771777,1.1422462,133230130001120,1332301300,N36448,36.0
-1.4280049,-0.8747568,171230130100720,1712301301,T77908,90.0
-1.4280049,-0.8747568,171230130100720,1712301301,T77908,90.0
-0.023022864,-0.3790651,126280120000580,1262801200,N3839,60.0
-0.023022864,-0.3790651,126280120000580,1262801200,N3839,60.0
-0.14340457,0.30696344,075130050000030,751300500,T11029,42.0
-0.9218237,-0.47424906,171230130100580,1712301301,T77908,90.0
-0.9218237,-0.47424906,171230130100580,1712301301,T77908,90.0
-0.48578024,0.73864096,133230130000690,1332301300,N36448,36.0
0.34418708,0.30034915,086730020000570,867300200,T66029,54.0
-0.16141544,-0.67853475,126280120000290,1262801200,N3839,60.0
1.9531095,-0.5409742,013910020002610,139100200,T18586,180.0
1.4216814,-1.2938604,168150010000310,1681500100,T167430,48.0
-0.16962372,-0.765408,126280120000220,1262801200,N3839,60.0
-1.0934656,-0.9426183,171230130100610,1712301301,T77908,90.0
-1.0934656,-0.9426183,171230130100610,1712301301,T77908,90.0
-0.06033314,1.3929266,094090030100040,940900301,T67135,276.0
-0.4531265,1.5008212,157060010201790,1570600102,T59882,600.0
1.7719182,-0.5602404,036220180001060,362201800,T133351,18.0
0.552439,0.11697766,086730020000960,867300200,T66029,54.0
-0.39679205,-0.8586345,126280120000200,1262801200,N3839,60.0
0.7687793,0.18966572,013910020001050,139100200,T18586,180.0
-0.98463315,-0.87117267,171230130100380,1712301301,T77908,90.0
-0.98463315,-0.87117267,171230130100380,1712301301,T77908,90.0
-0.98463315,-0.87117267,171230130100380,1712301301,T77908,90.0
0.56499135,0.11511103,086730020000930,867300200,T66029,54.0
0.7813616,0.28294495,013910020000980,139100200,T18586,180.0
-0.032266974,-0.7453946,126280120000700,1262801200,N3839,60.0
-0.032266974,-0.7453946,126280120000700,1262801200,N3839,60.0
-0.032266974,-0.7453946,126280120000700,1262801200,N3839,60.0
-1.2638918,-1.161124,171230130101160,1712301301,T77908,90.0
-1.2638918,-1.161124,171230130101160,1712301301,T77908,90.0
-0.14739713,-0.63190997,126280120000650,1262801200,N3839,60.0
-0.14739713,-0.63190997,126280120000650,1262801200,N3839,60.0
-0.8787463,-0.22836949,171230130101170,1712301301,T77908,90.0
-0.8787463,-0.22836949,171230130101170,1712301301,T77908,90.0
-1.1581967,-0.51749945,171230130100180,1712301301,T77908,90.0
-1.1581967,-0.51749945,171230130100180,1712301301,T77908,90.0
-1.2129118,-0.8563568,171230130100550,1712301301,T77908,90.0
-1.2129118,-0.8563568,171230130100550,1712301301,T77908,90.0
1.3496833,-0.469867,036220180000130,362201800,T133351,18.0
1.6180389,-0.53662544,036220180002440,362201800,T133351,18.0
1.521338,-0.70619833,036220180000590,362201800,T133351,18.0
-0.3078145,1.0956897,133230130002270,1332301300,N36448,36.0
1.7063472,-0.7007911,036220180001550,362201800,T133351,18.0
-0.56057054,0.8685064,133230130000990,1332301300,N36448,36.0
-0.98987955,-0.18695945,171230130100240,1712301301,T77908,90.0
-0.98987955,-0.18695945,171230130100240,1712301301,T77908,90.0
-1.1915578,-0.3030099,171230130101180,1712301301,T77908,90.0
-1.1915578,-0.3030099,171230130101180,1712301301,T77908,90.0
1.7905011,-0.9577193,036220180002330,362201800,T133351,18.0
-1.2505617,-0.5802554,171230130100660,1712301301,T77908,90.0
-1.2505617,-0.5802554,171230130100660,1712301301,T77908,90.0
0.5193677,0.29234663,086730020001170,867300200,T66029,54.0
0.2189672,1.8610424,155720010403590,1557200104,T192639,756.0
-0.5457104,-0.33641067,171230130100940,1712301301,T77908,90.0
-0.5457104,-0.33641067,171230130100940,1712301301,T77908,90.0
0.68077534,0.118796326,086730020000520,867300200,T66029,54.0
-1.5832772,-0.8476302,171230130100160,1712301301,T77908,90.0
-1.5832772,-0.8476302,171230130100160,1712301301,T77908,90.0
-0.23442571,-0.7858564,126280120000340,1262801200,N3839,60.0
-0.3251656,0.48662755,081130040005540,811300400,T82160,252.0
-0.7060746,0.41478038,155720010100030,1557200101,T192639,756.0
-0.6541291,1.5995079,157060010204100,1570600102,T59882,600.0
0.24060886,0.23272109,086730020000450,867300200,T66029,54.0
1.8470091,-0.5652415,036220180001990,362201800,T133351,18.0
-0.2891042,1.8681883,086980060000400,869800600,T63212,324.0
-1.1342542,-0.37226713,171230130100230,1712301301,T77908,90.0
-1.1342542,-0.37226713,171230130100230,1712301301,T77908,90.0
-1.2344273,-0.8600585,171230130100540,1712301301,T77908,90.0
1.7436962,-0.77888465,036220180000920,362201800,T133351,18.0
-0.45072365,-0.8289737,126280120000360,1262801200,N3839,60.0
-0.45072365,-0.8289737,126280120000360,1262801200,N3839,60.0
-0.45072365,-0.8289737,126280120000360,1262801200,N3839,60.0
0.14954807,2.0028024,155720010301070,1557200103,T192639,756.0
-0.30687693,-0.90787977,126280120000440,1262801200,N3839,60.0
0.98162234,-1.5131428,123130120000370,1231301200,N9842,12.0
0.98162234,-1.5131428,123130120000370,1231301200,N9842,12.0
0.98162234,-1.5131428,123130120000370,1231301200,N9842,12.0
0.98162234,-1.5131428,123130120000370,1231301200,N9842,12.0
-0.5569663,-0.28848737,171230130100970,1712301301,T77908,90.0
-0.5569663,-0.28848737,171230130100970,1712301301,T77908,90.0
0.34527963,0.2081741,086730020000840,867300200,T66029,54.0
-0.18253835,1.4153575,133230130000010,1332301300,N36448,36.0
1.8277947,-0.8786317,036220180002220,362201800,T133351,18.0
-1.4372663,-0.7954813,171230130101030,1712301301,T77908,90.0
-1.4372663,-0.7954813,171230130101030,1712301301,T77908,90.0
-0.28341755,1.4697434,157060010201410,1570600102,T59882,600.0
-0.9568919,-1.2465693,126280120000040,1262801200,N3839,60.0
0.89333165,-1.4494951,123130120000370,1231301200,N9842,12.0
0.89333165,-1.4494951,123130120000370,1231301200,N9842,12.0
0.89333165,-1.4494951,123130120000370,1231301200,N9842,12.0
0.89333165,-1.4494951,123130120000370,1231301200,N9842,12.0
-0.19273126,-0.8826409,126280120000100,1262801200,N3839,60.0
-1.0282874,-0.9060719,171230130100610,1712301301,T77908,90.0
-1.0282874,-0.9060719,171230130100610,1712301301,T77908,90.0
-0.5710679,0.7184488,133230130001190,1332301300,N36448,36.0
0.097808264,1.6494472,126280120000570,1262801200,N3839,60.0
-0.0792436,1.4174428,093790030000360,937900300,T134584,12.0
-0.22574641,1.1239505,133230130002250,1332301300,N36448,36.0
1.4169871,-0.6127706,036220180000170,362201800,T133351,18.0
0.5225494,0.1744128,086730020001140,867300200,T66029,54.0
-0.9895981,-0.38987324,171230130100520,1712301301,T77908,90.0
-0.9895981,-0.38987324,171230130100520,1712301301,T77908,90.0
-1.1894579,-0.60645956,171230130101240,1712301301,T77908,90.0
-1.1894579,-0.60645956,171230130101240,1712301301,T77908,90.0
0.3060621,0.17163596,086730020000790,867300200,T66029,54.0
1.4033084,-0.886755,036220180000690,362201800,T133351,18.0
0.2468003,1.8975171,155720010401430,1557200104,T192639,756.0
-1.2588778,-0.95129645,171230130100220,1712301301,T77908,90.0
-1.2588778,-0.95129645,171230130100220,1712301301,T77908,90.0
0.7612317,0.055081207,085750090002920,857500900,T210906,30.0
-1.201338,-1.2944857,171230130100600,1712301301,T77908,90.0
-1.201338,-1.2944857,171230130100600,1712301301,T77908,90.0
1.4517446,-0.46745947,036220180000450,362201800,T133351,18.0
1.6783254,-0.8151391,036220180001770,362201800,T133351,18.0
0.1266807,2.007259,155720010301440,1557200103,T192639,756.0
-0.8918551,-0.44986424,171230130101000,1712301301,T77908,90.0
-0.8918551,-0.44986424,171230130101000,1712301301,T77908,90.0
-1.2049391,-0.8892873,171230130100810,1712301301,T77908,90.0
1.5237724,-0.49581262,036220180002640,362201800,T133351,18.0
-0.5770929,-0.293038,171230130100960,1712301301,T77908,90.0
-0.5770929,-0.293038,171230130100960,1712301301,T77908,90.0
0.098799326,-0.49600035,126280120000400,1262801200,N3839,60.0
-0.1342705,0.29630762,133230120001420,1332301200,N40349,24.0
-0.04022344,-0.7403566,126280120000300,1262801200,N3839,60.0
0.8425684,0.16276056,060840060003260,608400600,T95727,30.0
0.7789997,0.2751021,013910020000800,139100200,T18586,180.0
-0.32354453,1.1619383,133230130001110,1332301300,N36448,36.0
2.1142185,-0.45155743,013910020002540,139100200,T18586,180.0
-0.6306711,0.6996001,081130060000010,811300600,T126686,6.0
0.16872185,0.008265775,086730020001050,867300200,T66029,54.0
0.16872185,0.008265775,086730020001050,867300200,T66029,54.0
0.16872185,0.008265775,086730020001050,867300200,T66029,54.0
1.8253068,-0.47486866,036220180002650,362201800,T133351,18.0
0.115463994,0.18513204,086730020000870,867300200,T66029,54.0
-1.1180985,-0.6565482,171230130100170,1712301301,T77908,90.0
-1.1180985,-0.6565482,171230130100170,1712301301,T77908,90.0
0.02909607,0.21010251,086730020000670,867300200,T66029,54.0
-0.6342542,-0.45796394,171230130106790,1712301301,T77908,90.0
-0.6342542,-0.45796394,171230130106790,1712301301,T77908,90.0
-0.72551364,1.3355302,026020040000010,260200400,T63197,324.0
-0.61225235,1.6361179,157060010203760,1570600102,T59882,600.0
0.053537674,-0.3781396,126280120000750,1262801200,N3839,60.0
0.053537674,-0.3781396,126280120000750,1262801200,N3839,60.0
2.116758,-0.43841723,013910020002560,139100200,T18586,180.0
-0.92045486,-1.0801024,171230130100250,1712301301,T77908,90.0
-0.92045486,-1.0801024,171230130100250,1712301301,T77908,90.0
0.48956305,-0.1398669,052140010003740,521400100,T139023,60.0
0.48956305,-0.1398669,052140010003740,521400100,T139023,60.0
1.8027352,-0.8514039,036220180002050,362201800,T133351,18.0
-0.2809317,-0.66476893,018010030002370,180100300,T87972,72.0
1.7506987,-0.19681023,018010030002590,180100300,T87972,72.0
1.7506987,-0.19681023,018010030002590,180100300,T87972,72.0
-0.8494807,-0.22772926,171230130100490,1712301301,T77908,90.0
-0.8494807,-0.22772926,171230130100490,1712301301,T77908,90.0
-1.3969731,-0.6494741,171230130100150,1712301301,T77908,90.0
-1.0338929,-0.095857844,171230130100530,1712301301,T77908,90.0
-1.0338929,-0.095857844,171230130100530,1712301301,T77908,90.0
-1.0338929,-0.095857844,171230130100530,1712301301,T77908,90.0
0.4664095,-0.11078633,052140010003750,521400100,T139023,60.0
-1.1936169,-0.37616652,171230130101040,1712301301,T77908,90.0
-1.1936169,-0.37616652,171230130101040,1712301301,T77908,90.0
-1.1337156,-1.1474706,171230130100710,1712301301,T77908,90.0
-1.1337156,-1.1474706,171230130100710,1712301301,T77908,90.0
1.4441596,-0.40990576,036220180000470,362201800,T133351,18.0
1.6429496,-0.76622033,036220180000910,362201800,T133351,18.0
-0.42774084,1.5731921,157060010203000,1570600102,T59882,600.0
1.4848568,-0.46725973,036220180000380,362201800,T133351,18.0
1.9619653,-0.5597502,013910020002480,139100200,T18586,180.0
-1.3369688,-1.22002,171230130101280,1712301301,T77908,90.0
-1.3369688,-1.22002,171230130101280,1712301301,T77908,90.0
0.28252906,1.947721,155720010403740,1557200104,T192639,756.0
0.23948848,1.9194782,155720010403680,1557200104,T192639,756.0
-0.33230627,-0.6562784,126280120000420,1262801200,N3839,60.0
1.7890658,-0.7548313,036220180002280,362201800,T133351,18.0
1.6125818,-0.72681165,036220180000310,362201800,T133351,18.0
-1.2493188,-1.0287298,171230130100840,1712301301,T77908,90.0
-1.2493188,-1.0287298,171230130100840,1712301301,T77908,90.0
-0.52321464,0.94545597,133230130000930,1332301300,N36448,36.0
-1.2517607,-1.0311247,171230130100850,1712301301,T77908,90.0
-1.2517607,-1.0311247,171230130100850,1712301301,T77908,90.0
-0.38816568,0.9889043,133230130002680,1332301300,N36448,36.0
-0.30596378,-0.79723585,126280120000520,1262801200,N3839,60.0
-0.17562568,0.6789532,133230130000950,1332301300,N36448,36.0
-1.1572013,-0.8650805,171230130100270,1712301301,T77908,90.0
-1.1572013,-0.8650805,171230130100270,1712301301,T77908,90.0
1.6341792,-0.97771466,036220180001900,362201800,T133351,18.0
-0.26382273,0.98241484,018010030006190,180100300,T87972,72.0
1.4501139,-1.2474709,168150010000260,1681500100,T167430,48.0
-0.84724915,-0.33303177,171230130100910,1712301301,T77908,90.0
-0.84724915,-0.33303177,171230130100910,1712301301,T77908,90.0
1.6777074,-0.92899424,036220180002170,362201800,T133351,18.0
-0.45377037,-0.83091605,126280120000380,1262801200,N3839,60.0
-0.45377037,-0.83091605,126280120000380,1262801200,N3839,60.0
-0.45377037,-0.83091605,126280120000380,1262801200,N3839,60.0
-0.98334855,-0.13127376,171230130100630,1712301301,T77908,90.0
-0.98334855,-0.13127376,171230130100630,1712301301,T77908,90.0
-0.38520184,1.5287064,122080040000010,1220800400,N40444,6.0
1.3730597,-0.84252614,036220180002270,362201800,T133351,18.0
0.12848173,2.0051131,155720010301390,1557200103,T192639,756.0
-0.51922154,0.9317127,133230130001280,1332301300,N36448,36.0
-0.39196256,-0.93951374,126280120000110,1262801200,N3839,60.0
-0.39196256,-0.93951374,126280120000110,1262801200,N3839,60.0
-0.8226494,-0.612653,126280120004600,1262801200,N3839,60.0
-0.37151602,0.9802927,133230130002490,1332301300,N36448,36.0
-0.37151602,0.9802927,133230130002490,1332301300,N36448,36.0
-0.30264163,0.816686,133230130002600,1332301300,N36448,36.0
1.922666,-0.7716013,036220180002570,362201800,T133351,18.0
1.7857108,-0.6901287,036220180001840,362201800,T133351,18.0
0.099892184,1.6529546,126280120000170,1262801200,N3839,60.0
-0.19492349,1.6940279,157060010104080,1570600101,T59882,600.0
-0.9199385,-1.081054,171230130100330,1712301301,T77908,90.0
-0.9199385,-1.081054,171230130100330,1712301301,T77908,90.0
-1.2407463,-0.90617,171230130100210,1712301301,T77908,90.0
-1.2407463,-0.90617,171230130100210,1712301301,T77908,90.0
-0.7622232,-0.20576654,161490070000010,1614900700,T187187,19.5
-1.3151474,-0.88140506,171230130100990,1712301301,T77908,90.0
-0.29310748,1.595172,157060010201290,1570600102,T59882,600.0
-0.3485234,-0.9083622,126280120000390,1262801200,N3839,60.0
0.020288283,-0.29224443,126280120000510,1262801200,N3839,60.0
1.6797508,-0.9623097,036220180001930,362201800,T133351,18.0
-1.1358378,-0.4425806,171230130100490,1712301301,T77908,90.0
-1.1358378,-0.4425806,171230130100490,1712301301,T77908,90.0
2.068377,-0.37101018,013910020001280,139100200,T18586,180.0
-0.24579152,1.6513957,157060010204130,1570600102,T59882,600.0
-1.2724183,-0.8327604,171230130100260,1712301301,T77908,90.0
-1.2724183,-0.8327604,171230130100260,1712301301,T77908,90.0
0.67404515,0.23320147,013910020001510,139100200,T18586,180.0
0.61455303,0.07263664,085750090003030,857500900,T210906,30.0
-0.18906446,1.7984016,026020040000310,260200400,T63197,324.0
0.100599706,-0.050633553,086730020000500,867300200,T66029,54.0
0.100599706,-0.050633553,086730020000500,867300200,T66029,54.0
-0.9800971,-0.45746353,171230130101170,1712301301,T77908,90.0
-0.9800971,-0.45746353,171230130101170,1712301301,T77908,90.0
-0.05932739,0.8721939,133230130002750,1332301300,N36448,36.0
0.040090576,-0.2526497,018010030002660,180100300,T87972,72.0
-0.40086126,-0.9489481,126280120000130,1262801200,N3839,60.0
-0.40086126,-0.9489481,126280120000130,1262801200,N3839,60.0
1.860494,-0.69348997,036220180002200,362201800,T133351,18.0
0.25251955,1.9190235,155720010403700,1557200104,T192639,756.0
-1.1930737,-0.30143893,171230130101190,1712301301,T77908,90.0
-1.1930737,-0.30143893,171230130101190,1712301301,T77908,90.0
-0.7677561,-0.21612607,132290010000010,1322900100,T203494,30.0
-0.56649506,-0.31766963,171230130100930,1712301301,T77908,90.0
-0.56649506,-0.31766963,171230130100930,1712301301,T77908,90.0
-0.1291606,-0.67201,126280120000210,1262801200,N3839,60.0
-0.18731552,-0.7666493,126280120000600,1262801200,N3839,60.0
-0.9258508,-0.15702683,171230130101260,1712301301,T77908,90.0
-0.9258508,-0.15702683,171230130101260,1712301301,T77908,90.0
1.6624553,-0.7959369,036220180001790,362201800,T133351,18.0
-0.70352304,1.6141428,155720010300060,1557200103,T192639,756.0
-0.5964091,1.4796375,157060010201020,1570600102,T59882,600.0
-0.056581587,-0.51636046,126280120000120,1262801200,N3839,60.0
-0.7711629,-0.09295727,038810010003820,388100100,T144534,60.0
-0.06767789,-0.76094663,126280120000590,1262801200,N3839,60.0
0.7302295,0.07775117,085750090003000,857500900,T210906,30.0
-1.2008669,-0.71081674,171230130101050,1712301301,T77908,90.0
-1.2008669,-0.71081674,171230130101050,1712301301,T77908,90.0
-0.8793175,-0.7377115,171230130100600,1712301301,T77908,90.0
-0.8793175,-0.7377115,171230130100600,1712301301,T77908,90.0
-0.747028,1.5413722,007880010002870,78800100,T83708,36.0
1.5069664,-1.2801269,168150010000350,1681500100,T167430,48.0
-0.12357836,1.6852005,157060010200510,1570600102,T59882,600.0
-0.6277075,1.5839362,157060010203510,1570600102,T59882,600.0
1.6424371,-0.85538065,036220180000830,362201800,T133351,18.0
-1.2269874,-0.77474463,171230130100700,1712301301,T77908,90.0
-1.2269874,-0.77474463,171230130100700,1712301301,T77908,90.0
-0.8946859,-0.5676399,171230130101030,1712301301,T77908,90.0
-0.8946859,-0.5676399,171230130101030,1712301301,T77908,90.0
-0.17772263,0.6761398,133230130001770,1332301300,N36448,36.0
-1.0115194,-0.82754123,171230130100640,1712301301,T77908,90.0
-1.0115194,-0.82754123,171230130100640,1712301301,T77908,90.0
0.868091,-1.5042683,123130120000350,1231301200,N9842,12.0
0.868091,-1.5042683,123130120000350,1231301200,N9842,12.0
0.868091,-1.5042683,123130120000350,1231301200,N9842,12.0
-0.8998212,-0.9222588,171230130101020,1712301301,T77908,90.0
-0.8998212,-0.9222588,171230130101020,1712301301,T77908,90.0
-0.7072054,0.40869108,155720010400020,1557200104,T192639,756.0
1.6205322,-0.77808374,036220180000570,362201800,T133351,18.0
1.8462545,-0.6387657,036220180002100,362201800,T133351,18.0
-1.330732,-0.59072196,171230130100590,1712301301,T77908,90.0
-1.330732,-0.59072196,171230130100590,1712301301,T77908,90.0
0.54284346,0.2083934,086730020001150,867300200,T66029,54.0
1.4660348,-1.2486672,168150010000240,1681500100,T167430,48.0
-0.5625762,0.7741954,133230130000710,1332301300,N36448,36.0
0.59241307,0.16806014,086730020001100,867300200,T66029,54.0
0.22261584,1.9213896,155720010403760,1557200104,T192639,756.0
-1.1899347,-1.1886607,171230130100850,1712301301,T77908,90.0
-1.1899347,-1.1886607,171230130100850,1712301301,T77908,90.0
1.6753949,-0.7407143,036220180001300,362201800,T133351,18.0
-0.9556816,-0.862761,171230130101280,1712301301,T77908,90.0
-0.9556816,-0.862761,171230130101280,1712301301,T77908,90.0
-0.038964987,1.2262359,081130040002850,811300400,T82160,252.0
-0.5260393,1.2658213,018010030003500,180100300,T87972,72.0
0.8580207,-1.591243,009960420000270,99604200,N3021,12.0
-1.1002327,-0.78708684,171230130100220,1712301301,T77908,90.0
-1.1002327,-0.78708684,171230130100220,1712301301,T77908,90.0
-0.7289466,1.5341783,133230130001320,1332301300,N36448,36.0
-1.3141624,-0.59971833,171230130100430,1712301301,T77908,90.0
-1.3141624,-0.59971833,171230130100430,1712301301,T77908,90.0
-0.18475114,1.729444,157060010101670,1570600101,T59882,600.0
0.77445924,0.17233972,013910020001600,139100200,T18586,180.0
-0.56851524,1.3844739,155720010102990,1557200101,T192639,756.0
-1.2594386,-0.6190312,171230130100240,1712301301,T77908,90.0
-1.2594386,-0.6190312,171230130100240,1712301301,T77908,90.0
-0.14774522,-0.7894502,126280120000370,1262801200,N3839,60.0
-1.4339399,-0.69094414,171230130100190,1712301301,T77908,90.0
-1.4339399,-0.69094414,171230130100190,1712301301,T77908,90.0
-0.58079123,1.6631393,157060010203370,1570600102,T59882,600.0
1.4004347,-1.1974387,168150010000220,1681500100,T167430,48.0
1.4004347,-1.1974387,168150010000220,1681500100,T167430,48.0
-1.0087867,-1.0379664,171230130100400,1712301301,T77908,90.0
-1.0087867,-1.0379664,171230130100400,1712301301,T77908,90.0
-0.13845043,-0.5400551,126280120000650,1262801200,N3839,60.0
-0.13845043,-0.5400551,126280120000650,1262801200,N3839,60.0
1.4209723,-1.3045101,168150010000280,1681500100,T167430,48.0
-0.11833892,1.6701975,157060010201940,1570600102,T59882,600.0
1.5954981,-0.6279098,036220180001180,362201800,T133351,18.0
-1.2557626,-0.7929142,171230130100670,1712301301,T77908,90.0
-1.2557626,-0.7929142,171230130100670,1712301301,T77908,90.0
-1.4572697,-1.0334935,171230130101100,1712301301,T77908,90.0
-1.4572697,-1.0334935,171230130101100,1712301301,T77908,90.0
-0.39886943,1.7923611,157060010100400,1570600101,T59882,600.0
-0.66503805,0.8901212,133230130001230,1332301300,N36448,36.0
-0.66503805,0.8901212,133230130001230,1332301300,N36448,36.0
-0.89962304,-0.8481583,171230130100270,1712301301,T77908,90.0
-0.89962304,-0.8481583,171230130100270,1712301301,T77908,90.0
1.4756335,-1.2704142,168150010000270,1681500100,T167430,48.0
-1.0214863,-0.77017796,171230130101160,1712301301,T77908,90.0
-1.0214863,-0.77017796,171230130101160,1712301301,T77908,90.0
-0.12838128,-0.7158579,126280120000310,1262801200,N3839,60.0
-0.12838128,-0.7158579,126280120000310,1262801200,N3839,60.0
1.4603795,-0.56290907,036220180000340,362201800,T133351,18.0
-0.18066831,-0.6872381,126280120000500,1262801200,N3839,60.0
-1.3920527,-0.8789766,171230130100280,1712301301,T77908,90.0
-1.3920527,-0.8789766,171230130100280,1712301301,T77908,90.0
1.4014826,-0.8470679,036220180000400,362201800,T133351,18.0
2.0706728,-0.3612217,013910020001270,139100200,T18586,180.0
-0.20688187,1.4178329,093790030000570,937900300,T134584,12.0
-0.19837558,1.5048932,157060010104410,1570600101,T59882,600.0
1.6039871,-0.8500427,036220180000770,362201800,T133351,18.0
1.7509856,-0.19680202,018010030002590,180100300,T87972,72.0
1.7509856,-0.19680202,018010030002590,180100300,T87972,72.0
-0.37608734,-0.9151628,126280120000670,1262801200,N3839,60.0
0.7143081,0.2095262,013910020000490,139100200,T18586,180.0
0.945182,-1.489476,123130120000330,1231301200,N9842,12.0
0.945182,-1.489476,123130120000330,1231301200,N9842,12.0
0.945182,-1.489476,123130120000330,1231301200,N9842,12.0
1.7212716,-0.65006095,036220180001530,362201800,T133351,18.0
-0.3454394,0.65130776,081130040003950,811300400,T82160,252.0
-1.1947187,-0.7959009,171230130100280,1712301301,T77908,90.0
-1.1947187,-0.7959009,171230130100280,1712301301,T77908,90.0
1.4228537,-1.2679859,168150010000300,1681500100,T167430,48.0
0.23669037,2.0049534,155720010101280,1557200101,T192639,756.0
-1.449566,-0.5060101,171230130100430,1712301301,T77908,90.0
-1.449566,-0.5060101,171230130100430,1712301301,T77908,90.0
1.4266906,-0.9025674,036220180000850,362201800,T133351,18.0
2.013677,-0.86557925,013910020001260,139100200,T18586,180.0
1.3966595,-0.46446174,036220180000210,362201800,T133351,18.0
-0.8464376,-1.057835,171230130100800,1712301301,T77908,90.0
-0.8464376,-1.057835,171230130100800,1712301301,T77908,90.0
-0.1677646,1.0923576,133230130000880,1332301300,N36448,36.0
-0.8955769,-0.24515337,171230130101000,1712301301,T77908,90.0
-0.8955769,-0.24515337,171230130101000,1712301301,T77908,90.0
1.7645549,-0.9089119,036220180001670,362201800,T133351,18.0
-0.01865076,1.2134104,081130040002820,811300400,T82160,252.0
-1.3006403,-0.7720095,171230130100480,1712301301,T77908,90.0
-1.3006403,-0.7720095,171230130100480,1712301301,T77908,90.0
1.9835023,-0.59098077,168150010000450,1681500100,T167430,48.0
0.5171543,0.32256624,086730020001240,867300200,T66029,54.0
-1.1470509,-0.60894287,171230130101080,1712301301,T77908,90.0
-1.1470509,-0.60894287,171230130101080,1712301301,T77908,90.0
0.6136902,0.07143088,060840060003330,608400600,T95727,30.0
-0.5668577,0.0065867766,055030030000010,550300300,T81955,42.0
-0.5668577,0.0065867766,055030030000010,550300300,T81955,42.0
1.4907888,-0.5480837,036220180000980,362201800,T133351,18.0
0.9308992,-1.5120324,123130120000350,1231301200,N9842,12.0
0.9308992,-1.5120324,123130120000350,1231301200,N9842,12.0
0.9308992,-1.5120324,123130120000350,1231301200,N9842,12.0
-0.57778645,1.5552974,157060010102770,1570600101,T59882,600.0
-0.22352725,1.5087721,157060010103280,1570600101,T59882,600.0
-0.4522353,1.1233734,086020050000010,860200500,T84736,90.0
-0.1474088,1.6182082,157060010200160,1570600102,T59882,600.0
-0.3303603,1.350959,042250060000010,422500600,T85880,24.0
1.8137498,-0.64124954,036220180001890,362201800,T133351,18.0
-0.4236815,1.6719877,157060010203190,1570600102,T59882,600.0
-1.0628076,-0.8201087,171230130101250,1712301301,T77908,90.0
-1.0628076,-0.8201087,171230130101250,1712301301,T77908,90.0
-0.6118467,-0.31125513,171230130100970,1712301301,T77908,90.0
-0.6118467,-0.31125513,171230130100970,1712301301,T77908,90.0
-0.86395794,-1.0592171,171230130100860,1712301301,T77908,90.0
-0.86395794,-1.0592171,171230130100860,1712301301,T77908,90.0
0.2172706,0.14309415,086730020000500,867300200,T66029,54.0
0.2172706,0.14309415,086730020000500,867300200,T66029,54.0
-0.025864113,-0.60340875,126280120000110,1262801200,N3839,60.0
-0.025864113,-0.60340875,126280120000110,1262801200,N3839,60.0
0.88764644,-1.5238365,123130120000340,1231301200,N9842,12.0
0.88764644,-1.5238365,123130120000340,1231301200,N9842,12.0
1.8490529,-0.7214692,036220180002090,362201800,T133351,18.0
-0.6904938,1.2632483,155720010201510,1557200102,T192639,756.0
-0.2796031,1.0613784,166600120000280,1666001200,T143856,9.0
1.4012341,-0.7162038,036220180000230,362201800,T133351,18.0
1.7908839,-0.71569574,036220180001480,362201800,T133351,18.0
0.552267,0.114560336,086730020000950,867300200,T66029,54.0
1.5474795,-0.6859272,036220180001080,362201800,T133351,18.0
-0.31064382,1.1144131,133230130001690,1332301300,N36448,36.0
-0.5983253,0.86640173,133230130001660,1332301300,N36448,36.0
1.3214959,-0.6677671,036220180001830,362201800,T133351,18.0
-0.3252111,0.48669535,081130040005670,811300400,T82160,252.0
0.24110398,2.1625056,155720010102090,1557200101,T192639,756.0
-0.35193697,-0.8764142,126280120000680,1262801200,N3839,60.0
-0.35193697,-0.8764142,126280120000680,1262801200,N3839,60.0
2.0004761,-0.78544587,036220180002360,362201800,T133351,18.0
0.85786337,-1.5118874,123130120000400,1231301200,N9842,12.0
0.85786337,-1.5118874,123130120000400,1231301200,N9842,12.0
0.85786337,-1.5118874,123130120000400,1231301200,N9842,12.0
1.4607753,-1.2956393,168150010000330,1681500100,T167430,48.0
0.20738904,1.8975095,155720010403720,1557200104,T192639,756.0
-0.2849077,1.6466346,157060010104760,1570600101,T59882,600.0
-1.459172,-0.44361094,171230130100190,1712301301,T77908,90.0
-1.459172,-0.44361094,171230130100190,1712301301,T77908,90.0
-1.5198317,-0.6418651,171230130100730,1712301301,T77908,90.0
-1.5198317,-0.6418651,171230130100730,1712301301,T77908,90.0
1.9013116,-0.75360143,036220180001710,362201800,T133351,18.0
-1.5122706,-0.5819125,171230130101150,1712301301,T77908,90.0
-1.0045226,-0.12595905,171230130100560,1712301301,T77908,90.0
-1.0045226,-0.12595905,171230130100560,1712301301,T77908,90.0
-1.174766,-0.7367198,171230130100800,1712301301,T77908,90.0
-1.174766,-0.7367198,171230130100800,1712301301,T77908,90.0
-0.36984947,1.5714095,157060010200380,1570600102,T59882,600.0
2.1170819,-0.41366982,013910020002530,139100200,T18586,180.0
-1.2031416,-1.2887071,171230130100840,1712301301,T77908,90.0
-1.2031416,-1.2887071,171230130100840,1712301301,T77908,90.0
-0.0587992,1.585838,081130040000010,811300400,T82160,252.0
0.23547593,1.9394103,155720010403710,1557200104,T192639,756.0
0.6875279,0.0677958,085750090002980,857500900,T210906,30.0
-0.17657933,0.677447,133230130001160,1332301300,N36448,36.0
-1.0443699,-0.6802092,171230130101080,1712301301,T77908,90.0
-1.0443699,-0.6802092,171230130101080,1712301301,T77908,90.0
-0.09334355,0.9892159,133230130001760,1332301300,N36448,36.0
-1.4692801,-0.6655292,171230130101110,1712301301,T77908,90.0
-1.4692801,-0.6655292,171230130101110,1712301301,T77908,90.0
-0.6067928,-0.49434167,126280120000580,1262801200,N3839,60.0
-0.6067928,-0.49434167,126280120000580,1262801200,N3839,60.0
-0.42003363,0.92515165,133230130001490,1332301300,N36448,36.0
0.06721674,-0.2267102,018010030002460,180100300,T87972,72.0
1.4405352,-0.5952877,036220180000620,362201800,T133351,18.0
-0.34624037,1.5533345,157060010101760,1570600101,T59882,600.0
0.29958078,0.12938865,086730020000900,867300200,T66029,54.0
0.3020194,2.1656148,155720010302530,1557200103,T192639,756.0
0.24166779,0.22502853,086730020000330,867300200,T66029,54.0
-1.1496193,-0.84731424,171230130101180,1712301301,T77908,90.0
-1.1496193,-0.84731424,171230130101180,1712301301,T77908,90.0
-0.3685098,-0.9297744,126280120000690,1262801200,N3839,60.0
-0.3685098,-0.9297744,126280120000690,1262801200,N3839,60.0
-1.5873916,-0.86560094,171230130100180,1712301301,T77908,90.0
-1.5873916,-0.86560094,171230130100180,1712301301,T77908,90.0
0.2628917,1.930899,155720010400090,1557200104,T192639,756.0
-1.204409,-0.58443785,171230130101210,1712301301,T77908,90.0
-1.204409,-0.58443785,171230130101210,1712301301,T77908,90.0
-0.7070494,1.4900006,133230130001050,1332301300,N36448,36.0
-0.6710392,0.88502616,133230130001080,1332301300,N36448,36.0
-0.5628738,1.5815372,157060010101890,1570600101,T59882,600.0
-0.4919095,1.4235295,085590020103040,855900201,T160652,72.0
-1.5681449,-0.6418361,171230130100170,1712301301,T77908,90.0
-1.5681449,-0.6418361,171230130100170,1712301301,T77908,90.0
-0.2417616,1.1998589,133230130002190,1332301300,N36448,36.0
-1.5251603,-0.777353,171230130101190,1712301301,T77908,90.0
-1.5251603,-0.777353,171230130101190,1712301301,T77908,90.0
-1.2026988,-0.94082475,171230130100160,1712301301,T77908,90.0
-1.2026988,-0.94082475,171230130100160,1712301301,T77908,90.0
-1.2340015,-1.1310652,171230130101010,1712301301,T77908,90.0
-1.2340015,-1.1310652,171230130101010,1712301301,T77908,90.0
-1.0714496,-1.2183349,168150010003590,1681500100,T167430,48.0
1.4465377,-0.46686134,036220180000390,362201800,T133351,18.0
-0.9690527,-0.9348373,171230130100410,1712301301,T77908,90.0
-0.9690527,-0.9348373,171230130100410,1712301301,T77908,90.0
-0.97147495,-0.7910274,171230130100400,1712301301,T77908,90.0
-0.97147495,-0.7910274,171230130100400,1712301301,T77908,90.0
-0.705458,0.41010073,155720010300030,1557200103,T192639,756.0
0.4966805,-0.096480645,052140010003730,521400100,T139023,60.0
-0.98270035,-0.91975486,171230130100390,1712301301,T77908,90.0
-0.98270035,-0.91975486,171230130100390,1712301301,T77908,90.0
0.6878415,0.06775629,060840060003300,608400600,T95727,30.0
0.85148996,-1.4481916,123130120000330,1231301200,N9842,12.0
0.85148996,-1.4481916,123130120000330,1231301200,N9842,12.0
0.85148996,-1.4481916,123130120000330,1231301200,N9842,12.0
-1.6003101,-0.7887432,171230130101230,1712301301,T77908,90.0
-1.6003101,-0.7887432,171230130101230,1712301301,T77908,90.0
-0.23050968,1.0616825,081130040003760,811300400,T82160,252.0
-1.4799088,-0.71082026,171230130101270,1712301301,T77908,90.0
-1.4799088,-0.71082026,171230130101270,1712301301,T77908,90.0
-0.1699913,1.6065942,157060010204420,1570600102,T59882,600.0
1.9635463,-0.8922179,013910020001010,139100200,T18586,180.0
-0.35391927,-0.79862285,126280120000610,1262801200,N3839,60.0
-0.35391927,-0.79862285,126280120000610,1262801200,N3839,60.0
0.93255496,-1.5244327,123130120000400,1231301200,N9842,12.0
0.93255496,-1.5244327,123130120000400,1231301200,N9842,12.0
0.93255496,-1.5244327,123130120000400,1231301200,N9842,12.0
-0.6133896,1.5745482,157060010203950,1570600102,T59882,600.0
0.2869136,0.18328302,086730020001080,867300200,T66029,54.0
0.10090856,-0.49295187,126280120000630,1262801200,N3839,60.0
0.3111284,0.12642439,086730020000580,867300200,T66029,54.0
-1.1815789,-1.0122583,171230130100790,1712301301,T77908,90.0
-0.17520891,1.1766865,133230130001060,1332301300,N36448,36.0
-0.06776838,-0.3854285,126280120000720,1262801200,N3839,60.0
0.7901593,0.29974896,013910020000010,139100200,T18586,180.0
-1.4429934,-1.2158853,171230130100200,1712301301,T77908,90.0
-1.4429934,-1.2158853,171230130100200,1712301301,T77908,90.0
-1.1897596,-0.6718679,171230130100380,1712301301,T77908,90.0
-1.1897596,-0.6718679,171230130100380,1712301301,T77908,90.0
-1.1897596,-0.6718679,171230130100380,1712301301,T77908,90.0
-1.1734371,-0.6500678,171230130101050,1712301301,T77908,90.0
-1.1734371,-0.6500678,171230130101050,1712301301,T77908,90.0
-0.16808888,1.6666068,157060010103940,1570600101,T59882,600.0
0.5503815,0.191352,086730020001130,867300200,T66029,54.0
-0.37237468,1.0677164,133230130002370,1332301300,N36448,36.0
-0.78573424,-0.86396366,171230130100110,1712301301,T77908,90.0
-1.209498,-1.1416992,171230130101120,1712301301,T77908,90.0
-1.209498,-1.1416992,171230130101120,1712301301,T77908,90.0
1.7098892,-0.5746941,036220180002480,362201800,T133351,18.0
0.7877138,-1.4830449,123130120000390,1231301200,N9842,12.0
0.7877138,-1.4830449,123130120000390,1231301200,N9842,12.0
-0.28997543,-0.8496792,126280120000750,1262801200,N3839,60.0
-0.28997543,-0.8496792,126280120000750,1262801200,N3839,60.0
-0.17571037,1.5741735,157060010200270,1570600102,T59882,600.0
-0.5197136,0.7185967,133230130002320,1332301300,N36448,36.0
0.19104469,1.964034,155720010403620,1557200104,T192639,756.0
-0.5957954,-0.32511005,171230130100920,1712301301,T77908,90.0
-0.5957954,-0.32511005,171230130100920,1712301301,T77908,90.0
1.6739705,-0.75949234,036220180001350,362201800,T133351,18.0
-1.3517841,-0.48820573,171230130100630,1712301301,T77908,90.0
-1.3517841,-0.48820573,171230130100630,1712301301,T77908,90.0
0.33248314,0.25068274,086730020000260,867300200,T66029,54.0
0.13496041,0.17204306,086730020000720,867300200,T66029,54.0
-0.40462372,-0.7670667,126280120000310,1262801200,N3839,60.0
-0.40462372,-0.7670667,126280120000310,1262801200,N3839,60.0
-1.0683405,-1.0488949,171230130100420,1712301301,T77908,90.0
-1.0683405,-1.0488949,171230130100420,1712301301,T77908,90.0
-0.34847713,0.90375155,133230130001920,1332301300,N36448,36.0
-0.34847713,0.90375155,133230130001920,1332301300,N36448,36.0
-0.93791336,-0.9760674,171230130100410,1712301301,T77908,90.0
-0.93791336,-0.9760674,171230130100410,1712301301,T77908,90.0
-0.41090602,1.2120535,133230130001630,1332301300,N36448,36.0
-0.31774947,-0.7243415,126280120000360,1262801200,N3839,60.0
-0.31774947,-0.7243415,126280120000360,1262801200,N3839,60.0
-0.31774947,-0.7243415,126280120000360,1262801200,N3839,60.0
-1.4200847,-1.0069157,171230130100700,1712301301,T77908,90.0
-1.4200847,-1.0069157,171230130100700,1712301301,T77908,90.0
-0.13909581,1.6344235,157060010203420,1570600102,T59882,600.0
-0.73569477,-0.9550945,091510100000530,915101000,T142402,12.0
0.37595353,0.15764335,086730020000910,867300200,T66029,54.0
-0.6562732,1.0197349,133230130001210,1332301300,N36448,36.0
0.62384605,0.31932786,086730020001250,867300200,T66029,54.0
0.79039025,0.11556786,060840060002710,608400600,T95727,30.0
-1.1664629,-0.9353577,171230130100660,1712301301,T77908,90.0
-1.1664629,-0.9353577,171230130100660,1712301301,T77908,90.0
1.3809253,-0.53167313,036220180000320,362201800,T133351,18.0
0.871755,-1.4655601,123130120000390,1231301200,N9842,12.0
0.871755,-1.4655601,123130120000390,1231301200,N9842,12.0
-0.4872596,1.0463004,133230130001650,1332301300,N36448,36.0
-0.3951614,1.4452358,157060010204300,1570600102,T59882,600.0
-0.3607236,1.6569828,157060010101940,1570600101,T59882,600.0
1.4296726,-0.55260515,036220180000220,362201800,T133351,18.0
0.042201005,-0.5566203,126280120000760,1262801200,N3839,60.0
0.042201005,-0.5566203,126280120000760,1262801200,N3839,60.0
-0.8536591,-0.08407031,171230130100750,1712301301,T77908,90.0
-0.8536591,-0.08407031,171230130100750,1712301301,T77908,90.0
-0.24641214,1.6834024,157060010204190,1570600102,T59882,600.0
-1.4127294,-1.0110459,171230130100450,1712301301,T77908,90.0
-1.4127294,-1.0110459,171230130100450,1712301301,T77908,90.0
-0.31278566,-0.70210034,126280120000380,1262801200,N3839,60.0
-0.31278566,-0.70210034,126280120000380,1262801200,N3839,60.0
-0.31278566,-0.70210034,126280120000380,1262801200,N3839,60.0
0.4689516,-0.11801514,052140010003770,521400100,T139023,60.0
-0.36246726,1.607369,157060010101580,1570600101,T59882,600.0
1.7506739,-0.19678946,018010030004320,180100300,T87972,72.0
1.7151151,-0.97191066,036220180002110,362201800,T133351,18.0
1.7082818,-0.93232363,036220180002410,362201800,T133351,18.0
-0.8538359,-0.08028827,171230130100260,1712301301,T77908,90.0
-0.8538359,-0.08028827,171230130100260,1712301301,T77908,90.0
-0.37438217,1.2399971,126280120000010,1262801200,N3839,60.0
-0.7043444,0.4140208,155720010200020,1557200102,T192639,756.0
-1.3257405,-0.9405279,171230130100590,1712301301,T77908,90.0
-1.3257405,-0.9405279,171230130100590,1712301301,T77908,90.0
-0.6602518,1.5978098,157060010201700,1570600102,T59882,600.0
-0.93417555,-0.5330468,171230130101070,1712301301,T77908,90.0
-0.93417555,-0.5330468,171230130101070,1712301301,T77908,90.0
-0.5745435,0.96551085,133230130001180,1332301300,N36448,36.0
-0.49569613,1.0424643,133230130001200,1332301300,N36448,36.0
-1.4004825,-1.1538284,171230130100230,1712301301,T77908,90.0
-1.4004825,-1.1538284,171230130100230,1712301301,T77908,90.0
-1.0134647,-0.11083182,171230130100530,1712301301,T77908,90.0
-1.0134647,-0.11083182,171230130100530,1712301301,T77908,90.0
-1.0134647,-0.11083182,171230130100530,1712301301,T77908,90.0
-1.3843007,-1.1633734,171230130101220,1712301301,T77908,90.0
-1.3843007,-1.1633734,171230130101220,1712301301,T77908,90.0
-0.42692733,0.77819705,133230130001960,1332301300,N36448,36.0
1.5059131,-0.5090858,036220180002180,362201800,T133351,18.0
-0.5691755,-0.36917883,171230130100950,1712301301,T77908,90.0
-0.5691755,-0.36917883,171230130100950,1712301301,T77908,90.0
-1.0180978,-0.43487728,171230130100510,1712301301,T77908,90.0
-1.0180978,-0.43487728,171230130100510,1712301301,T77908,90.0
1.4652845,-0.69341284,036220180000330,362201800,T133351,18.0
1.6633668,-0.70460325,036220180001210,362201800,T133351,18.0
-0.23387524,1.7425314,094850070000270,948500700,T2367,12.0
-1.2432954,-0.6647286,171230130100730,1712301301,T77908,90.0
-1.2432954,-0.6647286,171230130100730,1712301301,T77908,90.0
-1.3223804,-1.046531,171230130101060,1712301301,T77908,90.0
-1.3223804,-1.046531,171230130101060,1712301301,T77908,90.0
1.4508089,-0.4249486,036220180000430,362201800,T133351,18.0
1.7750264,-0.7959198,036220180001240,362201800,T133351,18.0
-0.04757751,0.97016376,133230130001540,1332301300,N36448,36.0
0.515291,0.32190973,086730020001220,867300200,T66029,54.0
-1.3492492,-0.71037936,171230130101140,1712301301,T77908,90.0
-0.27349332,1.5637817,157060010201360,1570600102,T59882,600.0
2.0038066,-0.7270064,036220180002430,362201800,T133351,18.0
-1.5199697,-0.6301561,171230130100470,1712301301,T77908,90.0
-1.5199697,-0.6301561,171230130100470,1712301301,T77908,90.0
0.5192102,0.28613847,086730020001210,867300200,T66029,54.0
0.20723635,1.7880708,155720010200110,1557200102,T192639,756.0
1.3854805,-0.4904903,036220180000180,362201800,T133351,18.0
0.014512888,0.9500248,133230130001930,1332301300,N36448,36.0
2.0740519,-0.436152,013910020002580,139100200,T18586,180.0
-0.45533958,0.7943921,133230130002610,1332301300,N36448,36.0
-0.31998062,1.1000817,133230130002040,1332301300,N36448,36.0
0.98751515,-1.5033247,123130120000360,1231301200,N9842,12.0
-0.1529662,1.5392506,157060010102270,1570600101,T59882,600.0
-0.949325,-1.2445878,126280120000060,1262801200,N3839,60.0
1.5460255,-0.5701296,036220180002150,362201800,T133351,18.0
0.07868761,1.9208173,155720010201760,1557200102,T192639,756.0
-0.6048197,1.5355921,157060010102620,1570600101,T59882,600.0
-0.58644134,1.6003724,157060010202650,1570600102,T59882,600.0
-1.391501,-0.5404584,171230130100470,1712301301,T77908,90.0
-1.391501,-0.5404584,171230130100470,1712301301,T77908,90.0
1.6030338,-0.97025174,036220180000730,362201800,T133351,18.0
0.10243807,1.6603676,126280120000190,1262801200,N3839,60.0
-0.08246926,-0.69862455,126280120000250,1262801200,N3839,60.0
-0.11485816,-0.6259656,126280120000330,1262801200,N3839,60.0
-0.11485816,-0.6259656,126280120000330,1262801200,N3839,60.0
-0.6499161,1.229936,151170310100260,1511703101,N31771,8.0
-0.07817604,0.99520755,133230130001030,1332301300,N36448,36.0
-0.12621279,1.5948479,157060010102240,1570600101,T59882,600.0
1.6422763,-0.6306816,036220180001020,362201800,T133351,18.0
1.4497671,-0.37924924,036220180000500,362201800,T133351,18.0
-0.6291445,1.5320019,157060010102530,1570600101,T59882,600.0
-0.13618241,0.98899484,133230130000680,1332301300,N36448,36.0
-0.78379303,-0.8618199,171230130100130,1712301301,T77908,90.0
2.1064842,-0.41166577,013910020002450,139100200,T18586,180.0
2.0427876,-0.43782797,013910020002440,139100200,T18586,180.0
0.41058466,0.06216022,091510100000040,915101000,T142402,12.0
-0.14206035,1.8494619,026020040000380,260200400,T63197,324.0
-1.1679827,-0.7301905,171230130101210,1712301301,T77908,90.0
-1.1679827,-0.7301905,171230130101210,1712301301,T77908,90.0
-0.110614195,1.4179302,085590020100020,855900201,T160652,72.0
0.021978373,0.9496299,133230130002790,1332301300,N36448,36.0
-0.8823233,-1.2451235,168750040004040,1687500400,N67562,20.0
-1.1072447,-0.87208784,171230130101060,1712301301,T77908,90.0
-1.1072447,-0.87208784,171230130101060,1712301301,T77908,90.0
0.9395028,-1.5708193,009960420000090,99604200,N3021,12.0
0.9395028,-1.5708193,009960420000090,99604200,N3021,12.0
0.9395028,-1.5708193,009960420000090,99604200,N3021,12.0
0.19094416,1.8597032,155720010201620,1557200102,T192639,756.0
-0.42458293,1.0690348,133230130002700,1332301300,N36448,36.0
-0.37784028,0.6519937,055030030000010,550300300,T81955,42.0
-0.37784028,0.6519937,055030030000010,550300300,T81955,42.0
-0.103923514,-0.4079858,126280120000610,1262801200,N3839,60.0
-0.103923514,-0.4079858,126280120000610,1262801200,N3839,60.0
-0.72582656,1.3379152,086980060000010,869800600,T63212,324.0
-0.6430928,1.5631921,157060010200870,1570600102,T59882,600.0
1.5982323,-0.5274807,036220180000240,362201800,T133351,18.0
-1.2121712,-0.5507435,171230130101270,1712301301,T77908,90.0
-1.2121712,-0.5507435,171230130101270,1712301301,T77908,90.0
-0.57114905,0.45070747,133230130002640,1332301300,N36448,36.0
-0.29146612,1.2742273,171230130100020,1712301301,T77908,90.0
-0.29146612,1.2742273,171230130100020,1712301301,T77908,90.0
-0.54905325,0.41590217,002800030301670,28000303,T14705,60.0
-1.1307353,-0.9621848,171230130100640,1712301301,T77908,90.0
-1.1307353,-0.9621848,171230130100640,1712301301,T77908,90.0
-0.14524703,-0.2676362,126280120000640,1262801200,N3839,60.0
-1.2481221,-0.6573466,171230130100670,1712301301,T77908,90.0
-1.2481221,-0.6573466,171230130100670,1712301301,T77908,90.0
-0.059372116,0.83779913,133230130001950,1332301300,N36448,36.0
-1.3154035,-0.6659728,171230130100570,1712301301,T77908,90.0
-1.3154035,-0.6659728,171230130100570,1712301301,T77908,90.0
-1.3154035,-0.6659728,171230130100570,1712301301,T77908,90.0
-0.34887084,1.615358,157060010104710,1570600101,T59882,600.0
-0.33558232,0.92659897,133230130001800,1332301300,N36448,36.0
1.911665,-0.3114742,013910020001290,139100200,T18586,180.0
0.26787287,0.37595773,086730020001000,867300200,T66029,54.0
0.26787287,0.37595773,086730020001000,867300200,T66029,54.0
0.05038125,0.78504634,086730020001070,867300200,T66029,54.0
-1.3491359,-1.061351,171230130100820,1712301301,T77908,90.0
-1.3491359,-1.061351,171230130100820,1712301301,T77908,90.0
1.6281561,-0.64782923,036220180001980,362201800,T133351,18.0
-0.20850569,1.5654254,157060010103970,1570600101,T59882,600.0
-0.08607537,1.7545217,157060010204330,1570600102,T59882,600.0
1.6988236,-0.5368356,036220180002470,362201800,T133351,18.0
0.105729714,1.6482283,126280120000410,1262801200,N3839,60.0
-0.13844071,1.7351707,157060010201930,1570600102,T59882,600.0
0.045482542,-0.58638847,126280120000260,1262801200,N3839,60.0
0.14568171,0.037655026,086730020001050,867300200,T66029,54.0
0.14568171,0.037655026,086730020001050,867300200,T66029,54.0
0.14568171,0.037655026,086730020001050,867300200,T66029,54.0
1.7908194,-0.833065,036220180000880,362201800,T133351,18.0
-1.5912265,-0.6341408,171230130100370,1712301301,T77908,90.0
1.7412266,-0.51051086,036220180002250,362201800,T133351,18.0
0.27049902,1.8542984,091510100000680,915101000,T142402,12.0
-0.442786,-0.9166399,126280120000700,1262801200,N3839,60.0
-0.442786,-0.9166399,126280120000700,1262801200,N3839,60.0
-0.442786,-0.9166399,126280120000700,1262801200,N3839,60.0
-1.2339456,-0.44741514,171230130100690,1712301301,T77908,90.0
-1.2339456,-0.44741514,171230130100690,1712301301,T77908,90.0
-1.2339456,-0.44741514,171230130100690,1712301301,T77908,90.0
-0.5971991,-0.35264432,171230130100960,1712301301,T77908,90.0
-0.5971991,-0.35264432,171230130100960,1712301301,T77908,90.0
0.11512027,0.18489577,086730020000880,867300200,T66029,54.0
-0.88839364,-1.2431886,159120060002990,1591200600,T200529,252.0
-0.42756808,0.9026307,133230130000760,1332301300,N36448,36.0
-1.3409133,-0.80653477,171230130100580,1712301301,T77908,90.0
-1.3409133,-0.80653477,171230130100580,1712301301,T77908,90.0
-1.2668617,-0.5847829,171230130100560,1712301301,T77908,90.0
-1.2668617,-0.5847829,171230130100560,1712301301,T77908,90.0
-0.93313336,-0.41572073,171230130100510,1712301301,T77908,90.0
-0.93313336,-0.41572073,171230130100510,1712301301,T77908,90.0
0.04807958,1.9770986,155720010301280,1557200103,T192639,756.0
0.6161309,0.32393703,086730020001260,867300200,T66029,54.0
-0.5442545,1.5483212,157060010203690,1570600102,T59882,600.0
-1.2776455,-0.55475086,171230130100620,1712301301,T77908,90.0
-1.2776455,-0.55475086,171230130100620,1712301301,T77908,90.0
-0.5216206,-0.32732722,171230130100940,1712301301,T77908,90.0
-0.5216206,-0.32732722,171230130100940,1712301301,T77908,90.0
-0.53566617,-0.28941914,171230130100930,1712301301,T77908,90.0
-0.53566617,-0.28941914,171230130100930,1712301301,T77908,90.0
-0.53121144,1.2816855,018010030006570,180100300,T87972,72.0
-0.53121144,1.2816855,018010030006570,180100300,T87972,72.0
-0.9262478,-0.092867926,171230130101120,1712301301,T77908,90.0
-0.9262478,-0.092867926,171230130101120,1712301301,T77908,90.0
1.8100892,-0.54865587,036220180002130,362201800,T133351,18.0
-1.324512,-0.7500903,171230130100250,1712301301,T77908,90.0
-1.324512,-0.7500903,171230130100250,1712301301,T77908,90.0
-1.3339127,-1.2197771,171230130100830,1712301301,T77908,90.0
-0.5177574,0.6555681,133230130001780,1332301300,N36448,36.0
1.98391,-0.73930085,036220180000680,362201800,T133351,18.0
-1.0090593,-0.53172666,171230130101200,1712301301,T77908,90.0
-1.0090593,-0.53172666,171230130101200,1712301301,T77908,90.0
-0.2286873,1.473252,085590020101570,855900201,T160652,72.0
0.908919,-1.4915589,123130120000400,1231301200,N9842,12.0
0.908919,-1.4915589,123130120000400,1231301200,N9842,12.0
0.908919,-1.4915589,123130120000400,1231301200,N9842,12.0
1.8043059,-0.6293691,036220180002190,362201800,T133351,18.0
-0.88850945,-0.5733874,171230130101250,1712301301,T77908,90.0
-0.88850945,-0.5733874,171230130101250,1712301301,T77908,90.0
1.9269828,-0.79456025,036220180001680,362201800,T133351,18.0
2.1267922,-0.42060825,013910020002570,139100200,T18586,180.0
0.4920314,-0.14064252,052140010003760,521400100,T139023,60.0
-1.0792346,-0.73226,171230130101130,1712301301,T77908,90.0
-1.0792346,-0.73226,171230130101130,1712301301,T77908,90.0
-0.14849211,1.4617503,093790030000010,937900300,T134584,12.0
-0.14849211,1.4617503,093790030000010,937900300,T134584,12.0
-0.4347276,0.8967323,133230130001390,1332301300,N36448,36.0
0.18636303,2.0268686,155720010403660,1557200104,T192639,756.0
1.9095945,-0.3102925,013910020001300,139100200,T18586,180.0
-0.6086127,-0.4909148,126280120000700,1262801200,N3839,60.0
-0.6086127,-0.4909148,126280120000700,1262801200,N3839,60.0
-0.6086127,-0.4909148,126280120000700,1262801200,N3839,60.0
0.2700191,0.37167695,086730020001000,867300200,T66029,54.0
0.2700191,0.37167695,086730020001000,867300200,T66029,54.0
-0.079434626,0.94891584,133230130002180,1332301300,N36448,36.0
-0.5151846,1.6597635,026100010300020,261000103,T71143,630.0
-0.9569279,-0.71168184,171230130100720,1712301301,T77908,90.0
-0.9569279,-0.71168184,171230130100720,1712301301,T77908,90.0
0.24264441,0.23348571,086730020000460,867300200,T66029,54.0
0.9593915,-1.5519825,009960420000330,99604200,N3021,12.0
0.1401893,0.11527622,086730020001060,867300200,T66029,54.0
0.1401893,0.11527622,086730020001060,867300200,T66029,54.0
-1.2614422,-0.7054966,171230130100570,1712301301,T77908,90.0
-1.2614422,-0.7054966,171230130100570,1712301301,T77908,90.0
-1.2614422,-0.7054966,171230130100570,1712301301,T77908,90.0
0.09435757,1.9380138,155720010200770,1557200102,T192639,756.0
-0.54036146,1.5521458,157060010203340,1570600102,T59882,600.0
-0.063937,-0.37688977,126280120000740,1262801200,N3839,60.0
-0.6988838,0.55249834,091510100000440,915101000,T142402,12.0
1.8874255,-0.8670927,036220180000990,362201800,T133351,18.0
-0.033011124,-0.60916966,126280120000130,1262801200,N3839,60.0
-0.033011124,-0.60916966,126280120000130,1262801200,N3839,60.0
-1.1155776,-0.5634129,171230130101220,1712301301,T77908,90.0
-1.1155776,-0.5634129,171230130101220,1712301301,T77908,90.0
-0.28881508,0.9433528,007880010000010,78800100,T83708,36.0
-0.88552487,-0.23887599,171230130100650,1712301301,T77908,90.0
-0.88552487,-0.23887599,171230130100650,1712301301,T77908,90.0
0.2422578,0.23366106,086730020000640,867300200,T66029,54.0
0.26446915,2.1054988,155720010101910,1557200101,T192639,756.0
-0.52878964,-0.33905783,171230130100950,1712301301,T77908,90.0
-0.52878964,-0.33905783,171230130100950,1712301301,T77908,90.0
-1.4143783,-0.7619692,171230130100450,1712301301,T77908,90.0
-1.4143783,-0.7619692,171230130100450,1712301301,T77908,90.0
-1.0327518,-0.3949131,171230130100460,1712301301,T77908,90.0
-0.35773355,1.0234772,133230130002770,1332301300,N36448,36.0
1.7442385,-0.5350869,036220180002590,362201800,T133351,18.0
-1.1931474,-0.7622625,171230130100820,1712301301,T77908,90.0
-1.1931474,-0.7622625,171230130100820,1712301301,T77908,90.0
-0.17311887,1.3688121,133230120000010,1332301200,N40349,24.0
-1.0843989,-0.7076887,171230130101090,1712301301,T77908,90.0
-1.0843989,-0.7076887,171230130101090,1712301301,T77908,90.0
1.812073,-0.8172712,036220180002340,362201800,T133351,18.0
-0.24666367,-0.5576919,126280120000320,1262801200,N3839,60.0
-1.2492775,-0.7607283,171230130100680,1712301301,T77908,90.0
-1.2492775,-0.7607283,171230130100680,1712301301,T77908,90.0
-1.3367555,-0.653694,171230130100440,1712301301,T77908,90.0
