imagem,classe
013910020002440_13_184.jpg,Tables
013910020001270_13_202.jpg,Tables
013910020002570_13_199.jpg,Tables
013910020001300_13_183.jpg,Tables
013910020002610_13_193.jpg,Tables
013910020001010_13_185.jpg,Tables
013910020002540_13_189.jpg,Tables
013910020001280_13_182.jpg,Tables
013910020002560_13_207.jpg,Tables
013910020002450_13_195.jpg,Tables
013910020002620_13_203.jpg,Tables
013910020002480_13_190.jpg,Tables
013910020002530_13_201.jpg,Tables
013910020001330_13_206.jpg,Tables
013910020002580_13_186.jpg,Tables
013910020001260_13_208.jpg,Tables
013910020001340_13_188.jpg,Tables
013910020001290_13_194.jpg,Tables
036220180000880_13_109.jpg,Tables
036220180002670_13_13.jpg,Tables
036220180001350_13_69.jpg,Tables
036220180000590_13_86.jpg,Tables
036220180000570_13_42.jpg,Tables
036220180001060_13_48.jpg,Tables
036220180000330_13_73.jpg,Tables
036220180001680_13_54.jpg,Tables
036220180002560_13_10.jpg,Tables
036220180002300_13_25.jpg,Tables
036220180000400_13_97.jpg,Tables
036220180000340_13_33.jpg,Tables
036220180001530_13_65.jpg,Tables
036220180000680_13_90.jpg,Tables
036220180001790_13_30.jpg,Tables
036220180002380_13_34.jpg,Tables
036220180002110_13_39.jpg,Tables
036220180001890_13_44.jpg,Tables
036220180000380_13_24.jpg,Tables
036220180000920_13_38.jpg,Tables
036220180001300_13_105.jpg,Tables
036220180002410_13_70.jpg,Tables
036220180000170_13_94.jpg,Tables
036220180000690_13_102.jpg,Tables
036220180000190_13_35.jpg,Tables
036220180002090_13_36.jpg,Tables
036220180000370_13_66.jpg,Tables
036220180000770_13_11.jpg,Tables
036220180001240_13_96.jpg,Tables
036220180002280_13_21.jpg,Tables
036220180000470_13_55.jpg,Tables
036220180001720_13_84.jpg,Tables
036220180000260_13_93.jpg,Tables
036220180001990_13_57.jpg,Tables
036220180002400_13_108.jpg,Tables
036220180002590_13_75.jpg,Tables
036220180001110_13_91.jpg,Tables
036220180001670_13_112.jpg,Tables
036220180002250_13_45.jpg,Tables
036220180000620_13_47.jpg,Tables
036220180000180_13_46.jpg,Tables
036220180000730_13_23.jpg,Tables
036220180000350_13_43.jpg,Tables
036220180001080_13_83.jpg,Tables
036220180001930_13_64.jpg,Tables
036220180002650_13_92.jpg,Tables
036220180000240_13_14.jpg,Tables
036220180002130_13_115.jpg,Tables
036220180000830_13_63.jpg,Tables
036220180000870_13_56.jpg,Tables
036220180002640_13_77.jpg,Tables
036220180001980_13_17.jpg,Tables
036220180002180_13_60.jpg,Tables
036220180002570_13_53.jpg,Tables
036220180002060_13_81.jpg,Tables
036220180001770_13_100.jpg,Tables
036220180001180_13_67.jpg,Tables
036220180000320_13_113.jpg,Tables
036220180000310_13_52.jpg,Tables
036220180000820_13_27.jpg,Tables
036220180001320_13_31.jpg,Tables
036220180002100_13_50.jpg,Tables
036220180001800_13_12.jpg,Tables
036220180000430_13_58.jpg,Tables
036220180002340_13_16.jpg,Tables
036220180001840_13_20.jpg,Tables
036220180002050_13_15.jpg,Tables
036220180000890_13_71.jpg,Tables
036220180001470_13_88.jpg,Tables
036220180002170_13_106.jpg,Tables
036220180000450_13_80.jpg,Tables
036220180000210_13_62.jpg,Tables
036220180001750_13_26.jpg,Tables
036220180002430_13_49.jpg,Tables
036220180000990_13_85.jpg,Tables
036220180001020_13_40.jpg,Tables
036220180000910_13_74.jpg,Tables
036220180000220_13_103.jpg,Tables
036220180002440_13_104.jpg,Tables
036220180000850_13_82.jpg,Tables
036220180000230_13_89.jpg,Tables
036220180002550_13_76.jpg,Tables
036220180002200_13_37.jpg,Tables
036220180001210_13_79.jpg,Tables
036220180001570_13_72.jpg,Tables
036220180000390_13_61.jpg,Tables
036220180001260_13_19.jpg,Tables
036220180002290_13_59.jpg,Tables
036220180002470_13_41.jpg,Tables
036220180000500_13_107.jpg,Tables
036220180002330_13_87.jpg,Tables
036220180001830_13_78.jpg,Tables
036220180002150_13_32.jpg,Tables
036220180000980_13_98.jpg,Tables
036220180002360_13_95.jpg,Tables
036220180001900_13_29.jpg,Tables
036220180002190_13_22.jpg,Tables
036220180000130_13_99.jpg,Tables
036220180002220_13_111.jpg,Tables
036220180002480_13_101.jpg,Tables
036220180001480_13_28.jpg,Tables
036220180002270_13_68.jpg,Tables
036220180000610_13_110.jpg,Tables
036220180001710_13_18.jpg,Tables
036220180000790_13_114.jpg,Tables
036220180001550_13_51.jpg,Tables
018010030004330_13_8.jpg,Tables
018010030002590_13_10.jpg,Tables
018010030002590_13_11.jpg,Tables
018010030004320_13_9.jpg,Tables
168150010000320_13_16.jpg,Tables
168150010000280_13_11.jpg,Tables
168150010000300_13_12.jpg,Tables
168150010000290_13_7.jpg,Tables
168150010000350_13_6.jpg,Tables
168150010000220_13_15.jpg,Tables
168150010000330_13_17.jpg,Tables
168150010000240_13_10.jpg,Tables
168150010000450_13_18.jpg,Tables
168150010000310_13_8.jpg,Tables
168150010000250_13_9.jpg,Tables
168150010000270_13_19.jpg,Tables
168150010000260_13_13.jpg,Tables
168150010000220_13_14.jpg,Tables
009960420000270_13_1.jpg,Music
009960420000090_13_3.jpg,Music
009960420000330_13_0.jpg,Music
123130120000340_13_8606.jpg,Music
123130120000330_13_8618.jpg,Music
123130120000370_13_8614.jpg,Music
123130120000360_13_8609.jpg,Music
123130120000390_13_8600.jpg,Music
123130120000400_13_8610.jpg,Music
123130120000390_13_8601.jpg,Music
123130120000400_13_8611.jpg,Music
123130120000370_13_8615.jpg,Music
123130120000330_13_8617.jpg,Music
123130120000380_13_8607.jpg,Music
123130120000350_13_8603.jpg,Music
123130120000380_13_8608.jpg,Music
123130120000330_13_8619.jpg,Music
123130120000350_13_8604.jpg,Music
123130120000400_13_8612.jpg,Music
123130120000340_13_8605.jpg,Music
123130120000370_13_8616.jpg,Music
123130120000350_13_8602.jpg,Music
123130120000370_13_8613.jpg,Music
086730020000930_13_19.jpg,Geometry
086730020001140_13_28.jpg,Geometry
086730020001210_13_33.jpg,Geometry
086730020001220_13_14.jpg,Geometry
086730020000960_13_16.jpg,Geometry
086730020000950_13_25.jpg,Geometry
013910020002310_13_200.jpg,Geometry
086730020001250_13_27.jpg,Geometry
086730020001150_13_37.jpg,Geometry
086730020001240_13_36.jpg,Geometry
086730020001130_13_12.jpg,Geometry
086730020001260_13_10.jpg,Geometry
060840060003260_13_17.jpg,Geometry
060840060002710_13_15.jpg,Geometry
060840060003280_13_14.jpg,Geometry
060840060003300_13_13.jpg,Geometry
060840060003320_13_16.jpg,Geometry
060840060003330_13_18.jpg,Geometry
085750090003030_13_1.jpg,Geometry
085750090003020_13_0.jpg,Geometry
085750090002920_13_2.jpg,Geometry
085750090003000_13_6.jpg,Geometry
085750090002980_13_4.jpg,Geometry
085750090002880_13_5.jpg,Geometry
013910020000010_12_167.jpg,Geometry
086730020000790_13_41.jpg,Geometry
086730020000500_13_43.jpg,Geometry
086730020000900_13_42.jpg,Geometry
086730020000330_13_23.jpg,Geometry
086730020000580_13_34.jpg,Geometry
013910020000890_13_197.jpg,Geometry
086730020000880_13_44.jpg,Geometry
086730020000700_13_29.jpg,Geometry
013910020001510_13_205.jpg,Geometry
086730020000640_13_26.jpg,Geometry
086730020000450_13_32.jpg,Geometry
086730020000720_13_20.jpg,Geometry
013910020001600_13_204.jpg,Geometry
086730020000910_13_24.jpg,Geometry
086730020000840_13_38.jpg,Geometry
086730020000780_13_22.jpg,Geometry
013910020001050_13_187.jpg,Geometry
013910020000490_13_196.jpg,Geometry
086730020000460_13_13.jpg,Geometry
086730020000480_13_40.jpg,Geometry
086730020000870_13_21.jpg,Geometry
013910020000980_13_192.jpg,Geometry
086730020000260_13_39.jpg,Geometry
013910020000140_13_198.jpg,Geometry
086730020000400_13_35.jpg,Geometry
086730020001100_13_31.jpg,Geometry
086730020001080_13_30.jpg,Geometry
086730020001030_13_17.jpg,Geometry
013910020000800_13_191.jpg,Geometry
086730020000520_13_15.jpg,Geometry
052140010003740_13_12.jpg,Geometry
052140010003770_13_15.jpg,Geometry
052140010003720_13_16.jpg,Geometry
052140010003740_13_11.jpg,Geometry
052140010003760_13_17.jpg,Geometry
052140010003730_13_14.jpg,Geometry
052140010003750_13_13.jpg,Geometry
085750090002190_13_3.jpg,Geometry
091510100000040_13_31.jpg,Geometry
126280120000140_12_110.jpg,Geometry
086730020000570_12_40.jpg,Geometry
086730020001050_12_47.jpg,Geometry
086730020001060_12_38.jpg,Geometry
086730020001060_12_39.jpg,Geometry
086730020001000_12_41.jpg,Geometry
086730020001000_12_42.jpg,Geometry
086730020001070_12_37.jpg,Geometry
086730020001050_12_48.jpg,Geometry
086730020000680_12_43.jpg,Geometry
086730020000980_12_45.jpg,Geometry
086730020001050_12_49.jpg,Geometry
086730020000270_12_44.jpg,Geometry
151170310100260_12_24.jpg,Geometry
155720010300060_12_712.jpg,Geometry
055030030000010_12_133.jpg,Geometry
055030030000740_12_132.jpg,Geometry
018010030002460_12_67.jpg,Geometry
018010030006570_12_68.jpg,Geometry
018010030003500_12_69.jpg,Geometry
018010030006190_12_66.jpg,Geometry
018010030002660_12_65.jpg,Geometry
126280120000580_12_25.jpg,Geometry
126280120000160_12_46.jpg,Geometry
126280120000280_12_12.jpg,Geometry
126280120000500_12_37.jpg,Geometry
126280120000520_12_14.jpg,Geometry
126280120000680_12_50.jpg,Geometry
126280120000700_12_56.jpg,Geometry
126280120000120_12_53.jpg,Geometry
133230130001650_12_50.jpg,Geometry
091510100000440_12_31.jpg,Geometry
091510100000530_12_30.jpg,Geometry
094090030100040_12_77.jpg,Detailed engravings
086980060001190_12_8.jpg,Detailed engravings
086980060000400_12_9.jpg,Detailed engravings
157060010101760_12_128.jpg,Detailed engravings
157060010100400_12_132.jpg,Detailed engravings
157060010102270_12_125.jpg,Detailed engravings
157060010102620_12_147.jpg,Detailed engravings
157060010102860_12_140.jpg,Detailed engravings
157060010103970_12_129.jpg,Detailed engravings
157060010103430_12_126.jpg,Detailed engravings
157060010101420_12_130.jpg,Detailed engravings
157060010100010_12_142.jpg,Detailed engravings
157060010104410_12_134.jpg,Detailed engravings
157060010101940_12_144.jpg,Detailed engravings
157060010101580_12_135.jpg,Detailed engravings
157060010101890_12_145.jpg,Detailed engravings
157060010101670_12_133.jpg,Detailed engravings
157060010104760_12_139.jpg,Detailed engravings
157060010104080_12_143.jpg,Detailed engravings
157060010102530_12_148.jpg,Detailed engravings
157060010102240_12_138.jpg,Detailed engravings
157060010104620_12_136.jpg,Detailed engravings
157060010103940_12_137.jpg,Detailed engravings
157060010105130_12_146.jpg,Detailed engravings
157060010103280_12_131.jpg,Detailed engravings
157060010104710_12_127.jpg,Detailed engravings
157060010102770_12_141.jpg,Detailed engravings
042250060000010_12_44.jpg,Detailed engravings
155720010100800_12_468.jpg,Detailed engravings
094850070000010_12_2.jpg,Detailed engravings
094850070000270_12_1.jpg,Detailed engravings
085590020100020_12_89.jpg,Detailed engravings
085590020101570_12_90.jpg,Detailed engravings
085590020103040_12_91.jpg,Detailed engravings
085590020103450_12_92.jpg,Detailed engravings
157060010201360_12_180.jpg,Detailed engravings
157060010204100_12_181.jpg,Detailed engravings
157060010200270_12_156.jpg,Detailed engravings
157060010202680_12_163.jpg,Detailed engravings
157060010204330_12_154.jpg,Detailed engravings
157060010203000_12_158.jpg,Detailed engravings
157060010201410_12_167.jpg,Detailed engravings
157060010200510_12_165.jpg,Detailed engravings
157060010201840_12_184.jpg,Detailed engravings
157060010200380_12_185.jpg,Detailed engravings
157060010204130_12_166.jpg,Detailed engravings
157060010201940_12_179.jpg,Detailed engravings
157060010200870_12_168.jpg,Detailed engravings
157060010203420_12_150.jpg,Detailed engravings
157060010200160_12_157.jpg,Detailed engravings
157060010203760_12_164.jpg,Detailed engravings
157060010204420_12_176.jpg,Detailed engravings
157060010204300_12_172.jpg,Detailed engravings
157060010203950_12_174.jpg,Detailed engravings
157060010202780_12_159.jpg,Detailed engravings
157060010201790_12_178.jpg,Detailed engravings
157060010201700_12_170.jpg,Detailed engravings
157060010203340_12_155.jpg,Detailed engravings
157060010202850_12_161.jpg,Detailed engravings
157060010201930_12_162.jpg,Detailed engravings
157060010201290_12_160.jpg,Detailed engravings
157060010203370_12_173.jpg,Detailed engravings
157060010203510_12_169.jpg,Detailed engravings
157060010203190_12_152.jpg,Detailed engravings
157060010202010_12_183.jpg,Detailed engravings
157060010203690_12_177.jpg,Detailed engravings
157060010202650_12_153.jpg,Detailed engravings
157060010201020_12_175.jpg,Detailed engravings
157060010203790_12_182.jpg,Detailed engravings
157060010204160_12_151.jpg,Detailed engravings
157060010204190_12_171.jpg,Detailed engravings
155720010403720_12_223.jpg,Detailed engravings
081130040001380_12_88.jpg,Detailed engravings
151170310100010_12_25.jpg,Detailed engravings
133230120000010_12_15.jpg,Detailed engravings
081130060000010_12_53.jpg,Detailed engravings
133230130000010_12_51.jpg,Detailed engravings
133230130002640_12_20.jpg,Detailed engravings
093790030000570_12_72.jpg,Detailed engravings
093790030000360_12_73.jpg,Detailed engravings
093790030000010_12_71.jpg,Detailed engravings
122080040000010_12_87.jpg,Detailed engravings
059560030000010_12_43.jpg,Detailed engravings
026020040000310_11_3.jpg,Detailed engravings
026020040000380_11_4.jpg,Detailed engravings
155720010403660_11_15.jpg,Detailed engravings
031800060000010_12_216,Detailed engravings
094090030100030_12_76,Detailed engravings
155720010101910_11_9.jpg,Portraits
155720010101280_11_7.jpg,Portraits
155720010102090_11_8.jpg,Portraits
155720010302530_11_9.jpg,Portraits
155720010302120_11_5.jpg,Portraits
155720010300340_11_7.jpg,Portraits
155720010403680_11_10.jpg,Portraits
155720010403740_11_12.jpg,Portraits
155720010403700_11_11.jpg,Portraits
155720010403710_11_8.jpg,Portraits
155720010401460_11_18.jpg,Portraits
155720010400090_11_9.jpg,Portraits
155720010401430_11_13.jpg,Portraits
155720010401670_11_17.jpg,Portraits
155720010403760_11_16.jpg,Portraits
155720010101010_13_922.jpg,Portraits
155720010300430_13_901.jpg,Portraits
126280120000570_12_105.jpg,Portraits
007920260003470_12_160.jpg,Portraits
155720010200770_12_634.jpg,Portraits
155720010201620_12_635.jpg,Portraits
155720010102940_12_467.jpg,Portraits
155720010102990_12_465.jpg,Portraits
155720010301280_12_714.jpg,Portraits
126280120000630_12_11.jpg,Portraits
126280120000190_12_13.jpg,Portraits
126280120000400_12_28.jpg,Portraits
126280120000410_12_58.jpg,Portraits
126280120000170_12_15.jpg,Portraits
155720010403590_12_222.jpg,Portraits
091510100000680_12_32.jpg,Portraits
081130040000010_12_87.jpg,Portraits
081130040002820_12_86.jpg,Portraits
081130040002850_12_91.jpg,Portraits
081130040003760_12_90.jpg,Portraits
081130040005670_12_89.jpg,Portraits
155720010201650_11_15.jpg,Portraits
155720010201760_11_16.jpg,Portraits
026100010100020_11_62.jpg,Portraits
155720010301390_11_4.jpg,Portraits
155720010301440_11_8.jpg,Portraits
155720010301070_11_6.jpg,Portraits
155720010403620_11_14.jpg,Portraits
029280060007570_12_31.jpg,Icons
133230120001420_12_16.jpg,Icons
171230130106790_12_181.jpg,Icons
171230130104910_12_124.jpg,Icons
126280120004600_12_23.jpg,Icons
075130050000030_12_15.jpg,Icons
038810010003820_12_42.jpg,Icons
081130040003950_12_84.jpg,Icons
081130040005540_12_85.jpg,Icons
126280120000310_12_107.jpg,Icons
086730020000500_12_46.jpg,Icons
086980060000010_12_10.jpg,Icons
007880010000010_12_4.jpg,Icons
007880010002870_12_3.jpg,Icons
086020050000010_12_4.jpg,Icons
155720010201510_12_633.jpg,Icons
155720010200020_12_636.jpg,Icons
155720010100030_12_466.jpg,Icons
155720010300030_12_713.jpg,Icons
055030030000010_12_134.jpg,Icons
002800030301670_12_32.jpg,Icons
126280120000380_12_5.jpg,Icons
126280120000380_12_4.jpg,Icons
126280120000580_12_24.jpg,Icons
126280120000130_12_27.jpg,Icons
126280120000700_12_55.jpg,Icons
126280120000360_12_31.jpg,Icons
126280120000110_12_2.jpg,Icons
126280120000360_12_30.jpg,Icons
026020040000010_12_53.jpg,Icons
155720010400020_12_224.jpg,Icons
171230130100390_12_198.jpg,Icons
171230130100590_12_146.jpg,Icons
171230130100230_12_140.jpg,Icons
171230130101220_12_277.jpg,Icons
171230130100950_12_184.jpg,Icons
171230130100750_12_136.jpg,Icons
171230130100860_12_273.jpg,Icons
171230130100690_12_109.jpg,Icons
171230130101270_12_205.jpg,Icons
171230130100180_12_223.jpg,Icons
171230130100790_12_89.jpg,Icons
171230130101090_12_130.jpg,Icons
171230130100180_12_224.jpg,Icons
171230130100840_12_132.jpg,Icons
171230130101180_12_188.jpg,Icons
171230130101020_12_234.jpg,Icons
171230130100220_12_111.jpg,Icons
171230130100160_12_156.jpg,Icons
171230130101160_12_203.jpg,Icons
171230130100270_12_159.jpg,Icons
171230130100630_12_240.jpg,Icons
171230130101130_12_279.jpg,Icons
171230130100650_12_104.jpg,Icons
171230130100610_12_92.jpg,Icons
171230130100570_12_230.jpg,Icons
171230130100920_12_235.jpg,Icons
171230130101200_12_134.jpg,Icons
171230130100550_12_189.jpg,Icons
171230130100560_12_250.jpg,Icons
171230130100450_12_166.jpg,Icons
171230130101040_12_180.jpg,Icons
171230130100930_12_217.jpg,Icons
171230130101160_12_202.jpg,Icons
171230130100700_12_149.jpg,Icons
171230130100410_12_154.jpg,Icons
171230130100480_12_91.jpg,Icons
171230130100570_12_229.jpg,Icons
171230130100200_12_258.jpg,Icons
171230130101040_12_179.jpg,Icons
171230130100390_12_199.jpg,Icons
171230130100580_12_116.jpg,Icons
171230130100600_12_177.jpg,Icons
171230130100830_12_195.jpg,Icons
171230130100630_12_239.jpg,Icons
171230130100710_12_117.jpg,Icons
171230130100520_12_244.jpg,Icons
171230130100510_12_183.jpg,Icons
171230130100800_12_112.jpg,Icons
171230130101060_12_221.jpg,Icons
171230130101010_12_107.jpg,Icons
171230130101080_12_157.jpg,Icons
171230130100170_12_125.jpg,Icons
171230130100660_12_232.jpg,Icons
171230130100420_12_270.jpg,Icons
171230130100210_12_197.jpg,Icons
171230130100250_12_209.jpg,Icons
171230130100750_12_137.jpg,Icons
171230130100470_12_212.jpg,Icons
171230130100540_12_103.jpg,Icons
171230130100960_12_248.jpg,Icons
171230130100430_12_207.jpg,Icons
171230130100670_12_252.jpg,Icons
171230130100970_12_228.jpg,Icons
171230130100450_12_165.jpg,Icons
171230130101060_12_220.jpg,Icons
171230130100650_12_105.jpg,Icons
171230130101150_12_119.jpg,Icons
171230130101230_12_210.jpg,Icons
171230130100940_12_99.jpg,Icons
171230130101120_12_215.jpg,Icons
171230130100850_12_161.jpg,Icons
171230130100850_12_162.jpg,Icons
171230130100620_12_218.jpg,Icons
171230130100280_12_238.jpg,Icons
171230130100680_12_143.jpg,Icons
171230130100840_12_131.jpg,Icons
171230130100640_12_191.jpg,Icons
171230130100730_12_260.jpg,Icons
171230130100550_12_190.jpg,Icons
171230130101090_12_129.jpg,Icons
171230130101000_12_194.jpg,Icons
171230130101210_12_163.jpg,Icons
171230130100210_12_196.jpg,Icons
171230130100280_12_237.jpg,Icons
171230130100370_12_186.jpg,Icons
171230130101250_12_151.jpg,Icons
171230130100260_12_128.jpg,Icons
171230130101100_12_169.jpg,Icons
171230130100720_12_201.jpg,Icons
171230130100610_12_93.jpg,Icons
171230130100920_12_236.jpg,Icons
171230130101200_12_133.jpg,Icons
171230130100820_12_256.jpg,Icons
171230130100430_12_206.jpg,Icons
171230130101030_12_254.jpg,Icons
171230130101230_12_211.jpg,Icons
171230130101000_12_193.jpg,Icons
171230130100490_12_176.jpg,Icons
171230130100680_12_142.jpg,Icons
171230130100270_12_160.jpg,Icons
171230130100740_12_167.jpg,Icons
171230130101140_12_150.jpg,Icons
171230130100380_12_266.jpg,Icons
171230130100500_12_96.jpg,Icons
171230130101180_12_187.jpg,Icons
171230130101010_12_106.jpg,Icons
171230130100490_12_175.jpg,Icons
171230130101250_12_152.jpg,Icons
171230130101240_12_120.jpg,Icons
171230130100200_12_257.jpg,Icons
171230130101280_12_97.jpg,Icons
171230130100330_12_172.jpg,Icons
171230130100260_12_127.jpg,Icons
171230130100600_12_178.jpg,Icons
171230130100820_12_255.jpg,Icons
171230130101260_12_267.jpg,Icons
171230130100400_12_122.jpg,Icons
171230130100910_12_170.jpg,Icons
171230130100240_12_275.jpg,Icons
171230130100800_12_113.jpg,Icons
171230130101120_12_214.jpg,Icons
171230130100660_12_231.jpg,Icons
171230130100730_12_261.jpg,Icons
171230130101260_12_268.jpg,Icons
171230130100530_12_225.jpg,Icons
171230130101220_12_276.jpg,Icons
171230130101020_12_233.jpg,Icons
171230130100380_12_265.jpg,Icons
171230130100970_12_227.jpg,Icons
171230130101190_12_101.jpg,Icons
171230130100910_12_171.jpg,Icons
171230130101280_12_98.jpg,Icons
171230130100520_12_243.jpg,Icons
171230130100420_12_269.jpg,Icons
171230130100530_12_226.jpg,Icons
171230130101240_12_121.jpg,Icons
171230130100710_12_118.jpg,Icons
171230130100220_12_110.jpg,Icons
171230130100110_12_259.jpg,Icons
171230130100860_12_272.jpg,Icons
171230130100930_12_216.jpg,Icons
171230130101100_12_168.jpg,Icons
171230130100590_12_145.jpg,Icons
171230130100700_12_148.jpg,Icons
171230130101130_12_280.jpg,Icons
171230130100460_12_278.jpg,Icons
171230130100480_12_90.jpg,Icons
171230130100560_12_249.jpg,Icons
171230130100160_12_155.jpg,Icons
171230130100690_12_108.jpg,Icons
171230130100510_12_182.jpg,Icons
171230130100580_12_115.jpg,Icons
171230130101190_12_102.jpg,Icons
171230130101050_12_95.jpg,Icons
171230130101270_12_204.jpg,Icons
171230130100150_12_271.jpg,Icons
171230130100720_12_200.jpg,Icons
171230130100290_12_222.jpg,Icons
171230130100250_12_208.jpg,Icons
171230130100640_12_192.jpg,Icons
171230130101170_12_263.jpg,Icons
171230130100230_12_141.jpg,Icons
171230130100380_12_264.jpg,Icons
171230130101030_12_253.jpg,Icons
171230130101110_12_138.jpg,Icons
171230130100670_12_251.jpg,Icons
171230130100410_12_153.jpg,Icons
171230130100190_12_246.jpg,Icons
171230130100130_12_114.jpg,Icons
171230130100990_12_147.jpg,Icons
171230130100620_12_219.jpg,Icons
171230130100950_12_185.jpg,Icons
171230130101210_12_164.jpg,Icons
171230130100470_12_213.jpg,Icons
171230130101110_12_139.jpg,Icons
171230130100940_12_100.jpg,Icons
171230130101050_12_94.jpg,Icons
171230130100960_12_247.jpg,Icons
171230130100190_12_245.jpg,Icons
171230130100400_12_123.jpg,Icons
171230130100240_12_274.jpg,Icons
171230130100440_12_135.jpg,Icons
171230130101080_12_158.jpg,Icons
171230130100170_12_126.jpg,Icons
171230130101070_12_242.jpg,Icons
171230130100810_12_144.jpg,Icons
171230130101170_12_262.jpg,Icons
171230130101070_12_241.jpg,Icons
159120060002990_12_49.jpg,Icons
132290010000010_12_127.jpg,Icons
161490070000010_12_617.jpg,Icons
166600120000280_12_149.jpg,Icons
018010030002370_12_71.jpg,Icons
126280120000060_12_38.jpg,Icons
168750040004040_12_81.jpg,Icons
168150010003590_12_14.jpg,Icons
126280120000290_12_108.jpg,Icons
126280120000210_12_114.jpg,Icons
126280120000310_12_106.jpg,Icons
126280120000250_12_111.jpg,Icons
126280120000760_12_113.jpg,Icons
126280120000100_12_115.jpg,Icons
126280120000760_12_112.jpg,Icons
126280120000720_12_116.jpg,Icons
126280120000620_12_109.jpg,Icons
126280120000690_12_21.jpg,Icons
126280120000650_12_33.jpg,Icons
126280120000600_12_43.jpg,Icons
126280120000110_12_1.jpg,Icons
126280120000220_12_20.jpg,Icons
126280120000650_12_32.jpg,Icons
126280120000690_12_22.jpg,Icons
126280120000610_12_36.jpg,Icons
126280120000260_12_16.jpg,Icons
126280120000510_12_44.jpg,Icons
126280120000750_12_19.jpg,Icons
126280120000330_12_41.jpg,Icons
126280120000230_12_52.jpg,Icons
126280120000610_12_35.jpg,Icons
126280120000740_12_48.jpg,Icons
126280120000230_12_51.jpg,Icons
126280120000300_12_9.jpg,Icons
126280120000670_12_8.jpg,Icons
126280120000590_12_54.jpg,Icons
126280120000680_12_49.jpg,Icons
126280120000360_12_29.jpg,Icons
126280120000420_12_6.jpg,Icons
126280120000370_12_39.jpg,Icons
126280120000270_12_47.jpg,Icons
126280120000130_12_26.jpg,Icons
126280120000700_12_57.jpg,Icons
126280120000750_12_18.jpg,Icons
126280120000340_12_7.jpg,Icons
126280120000440_12_17.jpg,Icons
126280120000200_12_0.jpg,Icons
126280120000160_12_45.jpg,Icons
126280120000330_12_42.jpg,Icons
126280120000380_12_3.jpg,Icons
126280120000640_12_40.jpg,Icons
126280120000320_12_34.jpg,Icons
171230130100020_12_174.jpg,Scenes
018010030006020_12_70.jpg,Scenes
126280120000010_12_10.jpg,Scenes
133230130001350_12_26.jpg,Scenes
133230130002790_12_41.jpg,Scenes
133230130000680_12_11.jpg,Scenes
133230130001970_12_25.jpg,Scenes
133230130001050_12_33.jpg,Scenes
133230130002090_12_53.jpg,Scenes
133230130001280_12_38.jpg,Scenes
133230130002370_12_17.jpg,Scenes
133230130001660_12_21.jpg,Scenes
133230130000930_12_71.jpg,Scenes
133230130001840_12_57.jpg,Scenes
133230130001470_12_10.jpg,Scenes
133230130001110_12_48.jpg,Scenes
133230130001950_12_72.jpg,Scenes
133230130001060_12_73.jpg,Scenes
133230130002770_12_56.jpg,Scenes
133230130002160_12_28.jpg,Scenes
133230130002180_12_66.jpg,Scenes
133230130001690_12_63.jpg,Scenes
133230130001030_12_54.jpg,Scenes
133230130001630_12_37.jpg,Scenes
133230130002520_12_59.jpg,Scenes
133230130001770_12_43.jpg,Scenes
133230130001080_12_16.jpg,Scenes
133230130001760_12_9.jpg,Scenes
133230130002040_12_67.jpg,Scenes
133230130002340_12_60.jpg,Scenes
133230130001210_12_19.jpg,Scenes
133230130001390_12_18.jpg,Scenes
133230130000940_12_35.jpg,Scenes
133230130001490_12_77.jpg,Scenes
133230130001930_12_31.jpg,Scenes
133230130001320_12_55.jpg,Scenes
133230130001230_12_70.jpg,Scenes
133230130000690_12_44.jpg,Scenes
133230130002750_12_39.jpg,Scenes
133230130000710_12_47.jpg,Scenes
133230130001160_12_65.jpg,Scenes
133230130002610_12_46.jpg,Scenes
133230130002250_12_76.jpg,Scenes
133230130002140_12_75.jpg,Scenes
133230130000780_12_23.jpg,Scenes
133230130001870_12_13.jpg,Scenes
133230130002320_12_42.jpg,Scenes
133230130001180_12_29.jpg,Scenes
133230130000950_12_27.jpg,Scenes
133230130002290_12_64.jpg,Scenes
133230130001580_12_61.jpg,Scenes
133230130002680_12_22.jpg,Scenes
133230130002480_12_45.jpg,Scenes
133230130000880_12_34.jpg,Scenes
133230130001190_12_36.jpg,Scenes
133230130001960_12_32.jpg,Scenes
133230130000760_12_69.jpg,Scenes
133230130002490_12_12.jpg,Scenes
133230130002700_12_24.jpg,Scenes
133230130001540_12_52.jpg,Scenes
133230130001120_12_68.jpg,Scenes
133230130001800_12_62.jpg,Scenes
133230130002190_12_58.jpg,Scenes
133230130002600_12_14.jpg,Scenes
133230130000970_12_74.jpg,Scenes
133230130000990_12_15.jpg,Scenes
133230130001200_12_49.jpg,Scenes
133230130001780_12_78.jpg,Scenes
133230130001920_12_40.jpg,Scenes
133230130002270_12_30.jpg,Scenes
155720010100530_11_10.jpg,Scenes
